bbs_sn,field,ctrgy_no
322000,노동,2
322001,노동,2
322002,노동,2
322003,노동,2
322004,노동,2
322005,노동,2
322006,노동,2
322007,노동,2
322008,노동,2
322009,노동,2
322010,노동,2
322011,고용,1
322012,고용,1
322013,산안,3
322014,노동,2
322015,고용,1
322016,노동,2
322017,노동,2
322018,노동,2
322019,고용,1
322020,노동,2
322021,노동,2
322022,노동,2
322023,고용,1
322024,고용,1
322025,고용,1
322026,노동,2
322027,노동,2
322028,노동,2
322029,노동,2
322030,노동,2
322031,노동,2
322032,노동,2
322033,노동,2
322034,노동,2
322035,노동,2
322036,고용,1
322037,노동,2
322038,노동,2
322039,노동,2
322040,노동,2
322041,노동,2
322042,노동,2
322043,노동,2
322044,노동,2
322045,노동,2
322046,노동,2
322047,노동,2
322048,노동,2
322049,노동,2
322050,노동,2
322051,노동,2
322052,노동,2
322053,노동,2
322054,노동,2
322055,고용,1
322056,노동,2
322057,노동,2
322058,노동,2
322059,노동,2
322060,노동,2
322061,노동,2
322062,노동,2
322063,노동,2
322064,노동,2
322065,노동,2
322066,노동,2
322067,노동,2
322068,노동,2
322069,노동,2
322070,고용,1
322071,노동,2
322072,노동,2
322073,노동,2
322074,노동,2
322075,노동,2
322076,노동,2
322077,노동,2
322078,노동,2
322079,노동,2
322080,고용,1
322081,노동,2
322082,고용,1
322083,노동,2
322084,노동,2
322085,노동,2
322086,노동,2
322087,노동,2
322088,노동,2
322089,노동,2
322090,고용,1
322091,노동,2
322092,고용,1
322093,노동,2
322094,고용,1
322095,고용,1
322096,노동,2
322097,노동,2
322098,노동,2
322099,노동,2
322100,노동,2
322101,노동,2
322102,노동,2
322103,노동,2
322104,노동,2
322105,노동,2
322106,노동,2
322107,노동,2
322108,노동,2
322109,노동,2
322110,노동,2
322111,노동,2
322112,노동,2
322113,고용,1
322114,노동,2
322115,고용,1
322116,노동,2
322117,노동,2
322118,노동,2
322119,노동,2
322120,노동,2
322121,고용,1
322122,고용,1
322123,노동,2
322124,노동,2
322125,노동,2
322126,노동,2
322127,노동,2
322128,노동,2
322129,노동,2
322130,노동,2
322131,노동,2
322132,노동,2
322133,노동,2
322134,노동,2
322135,노동,2
322136,노동,2
322137,노동,2
322138,노동,2
322139,노동,2
322140,노동,2
322141,노동,2
322142,노동,2
322143,노동,2
322144,노동,2
322145,노동,2
322146,노동,2
322147,기타,4
322148,노동,2
322149,노동,2
322150,노동,2
322151,노동,2
322152,노동,2
322153,노동,2
322154,노동,2
322155,노동,2
322156,노동,2
322157,노동,2
322158,노동,2
322159,노동,2
322160,노동,2
322161,노동,2
322162,노동,2
322163,노동,2
322164,노동,2
322165,노동,2
322166,고용,1
322167,고용,1
322168,노동,2
322169,고용,1
322170,노동,2
322171,노동,2
322172,고용,1
322173,노동,2
322174,고용,1
322175,노동,2
322176,노동,2
322177,고용,1
322178,노동,2
322179,고용,1
322180,노동,2
322181,고용,1
322182,노동,2
322183,고용,1
322184,고용,1
322185,노동,2
322186,고용,1
322187,노동,2
322188,고용,1
322189,노동,2
322190,산안,3
322191,고용,1
322192,노동,2
322193,노동,2
322194,고용,1
322195,고용,1
322196,노동,2
322197,고용,1
322198,고용,1
322199,노동,2
322200,노동,2
322201,노동,2
322202,노동,2
322203,노동,2
322204,산안,3
322205,노동,2
322206,노동,2
322207,노동,2
322208,노동,2
322209,노동,2
322210,산안,3
322211,노동,2
322212,노동,2
322213,노동,2
322214,노동,2
322215,노동,2
322216,노동,2
322217,노동,2
322218,노동,2
322219,고용,1
322220,노동,2
322221,노동,2
322222,노동,2
322223,노동,2
322224,노동,2
322225,노동,2
322226,노동,2
322227,노동,2
322228,산안,3
322229,산안,3
322230,노동,2
322231,노동,2
322232,노동,2
322233,노동,2
322234,노동,2
322235,노동,2
322236,노동,2
322237,노동,2
322238,노동,2
322239,노동,2
322240,노동,2
322241,노동,2
322242,노동,2
322243,노동,2
322244,노동,2
322245,노동,2
322246,산안,3
322247,노동,2
322248,노동,2
322249,노동,2
322250,노동,2
322251,고용,1
322252,노동,2
322253,노동,2
322254,고용,1
322255,고용,1
322256,노동,2
322257,고용,1
322258,노동,2
322259,노동,2
322260,노동,2
322261,노동,2
322262,노동,2
322263,노동,2
322264,노동,2
322265,노동,2
322266,노동,2
322267,노동,2
322268,노동,2
322269,노동,2
322270,고용,1
322271,고용,1
322272,고용,1
322273,노동,2
322274,노동,2
322275,노동,2
322276,노동,2
322277,고용,1
322278,노동,2
322279,노동,2
322280,노동,2
322281,노동,2
322282,기타,4
322283,노동,2
322284,노동,2
322285,기타,4
322286,기타,4
322287,산안,3
322288,노동,2
322289,노동,2
322290,노동,2
322291,노동,2
322292,노동,2
322293,노동,2
322294,노동,2
322295,노동,2
322296,노동,2
322297,노동,2
322298,노동,2
322299,노동,2
322300,노동,2
322301,노동,2
322302,노동,2
322303,노동,2
322304,노동,2
322305,노동,2
322306,노동,2
322307,고용,1
322308,노동,2
322309,노동,2
322310,노동,2
322311,고용,1
322312,기타,4
322313,노동,2
322314,기타,4
322315,고용,1
322316,노동,2
322317,노동,2
322318,노동,2
322319,고용,1
322320,노동,2
322321,노동,2
322322,고용,1
322323,노동,2
322324,노동,2
322325,노동,2
322326,노동,2
322327,노동,2
322328,노동,2
322329,노동,2
322330,노동,2
322331,노동,2
322332,노동,2
322333,노동,2
322334,노동,2
322335,기타,4
322336,노동,2
322337,기타,4
322338,노동,2
322339,고용,1
322340,고용,1
322341,기타,4
322342,고용,1
322343,고용,1
322344,노동,2
322345,노동,2
322346,고용,1
322347,산안,3
322348,기타,4
322349,노동,2
322350,고용,1
322351,기타,4
322352,노동,2
322353,고용,1
322354,노동,2
322355,노동,2
322356,노동,2
322357,노동,2
322358,고용,1
322359,노동,2
322360,고용,1
322361,고용,1
322362,노동,2
322363,노동,2
322364,노동,2
322365,노동,2
322366,고용,1
322367,노동,2
322368,노동,2
322369,고용,1
322370,노동,2
322371,고용,1
322372,고용,1
322373,고용,1
322374,노동,2
322375,노동,2
322376,노동,2
322377,고용,1
322378,노동,2
322379,고용,1
322380,노동,2
322381,고용,1
322382,노동,2
322383,노동,2
322384,노동,2
322385,기타,4
322386,노동,2
322387,고용,1
322388,노동,2
322389,고용,1
322390,노동,2
322391,노동,2
322392,노동,2
322393,노동,2
322394,노동,2
322395,노동,2
322396,고용,1
322397,고용,1
322398,노동,2
322399,고용,1
322400,고용,1
322401,고용,1
322402,노동,2
322403,고용,1
322404,노동,2
322405,고용,1
322406,고용,1
322407,노동,2
322408,노동,2
322409,노동,2
322410,노동,2
322411,노동,2
322412,노동,2
322413,고용,1
322414,고용,1
322415,고용,1
322416,고용,1
322417,고용,1
322418,고용,1
322419,고용,1
322420,고용,1
322421,노동,2
322422,고용,1
322423,고용,1
322424,고용,1
322425,고용,1
322426,고용,1
322427,고용,1
322428,고용,1
322429,노동,2
322430,노동,2
322431,고용,1
322432,노동,2
322433,노동,2
322434,고용,1
322435,고용,1
322436,노동,2
322437,노동,2
322438,노동,2
322439,고용,1
322440,고용,1
322441,노동,2
322442,노동,2
322443,노동,2
322444,노동,2
322445,고용,1
322446,고용,1
322447,노동,2
322448,고용,1
322449,고용,1
322450,노동,2
322451,노동,2
322452,노동,2
322453,고용,1
322454,노동,2
322455,노동,2
322456,고용,1
322457,노동,2
322458,노동,2
322459,고용,1
322460,고용,1
322461,고용,1
322462,노동,2
322463,고용,1
322464,고용,1
322465,고용,1
322466,고용,1
322467,노동,2
322468,고용,1
322469,고용,1
322470,노동,2
322471,고용,1
322472,고용,1
322473,노동,2
322474,노동,2
322475,고용,1
322476,노동,2
322477,노동,2
322478,노동,2
322479,고용,1
322480,고용,1
322481,노동,2
322482,노동,2
322483,고용,1
322484,노동,2
322485,노동,2
322486,고용,1
322487,노동,2
322488,노동,2
322489,노동,2
322490,기타,4
322491,고용,1
322492,고용,1
322493,고용,1
322494,고용,1
322495,고용,1
322496,노동,2
322497,고용,1
322498,고용,1
322499,노동,2
322500,고용,1
322501,노동,2
322502,고용,1
322503,고용,1
322504,고용,1
322505,노동,2
322506,고용,1
322507,고용,1
322508,노동,2
322509,노동,2
322510,노동,2
322511,고용,1
322512,고용,1
322513,노동,2
322514,노동,2
322515,고용,1
322516,노동,2
322517,노동,2
322518,노동,2
322519,노동,2
322520,노동,2
322521,노동,2
322522,고용,1
322523,노동,2
322524,노동,2
322525,노동,2
322526,노동,2
322527,노동,2
322528,노동,2
322529,노동,2
322530,고용,1
322531,고용,1
322532,고용,1
322533,노동,2
322534,노동,2
322535,고용,1
322536,노동,2
322537,고용,1
322538,노동,2
322539,노동,2
322540,노동,2
322541,고용,1
322542,고용,1
322543,노동,2
322544,노동,2
322545,노동,2
322546,고용,1
322547,노동,2
322548,노동,2
322549,노동,2
322550,고용,1
322551,노동,2
322552,노동,2
322553,노동,2
322554,노동,2
322555,노동,2
322556,노동,2
322557,노동,2
322558,산안,3
322559,노동,2
322560,고용,1
322561,고용,1
322562,노동,2
322563,노동,2
322564,노동,2
322565,노동,2
322566,노동,2
322567,노동,2
322568,노동,2
322569,노동,2
322570,노동,2
322571,노동,2
322572,노동,2
322573,노동,2
322574,노동,2
322575,고용,1
322576,노동,2
322577,고용,1
322578,노동,2
322579,노동,2
322580,노동,2
322581,노동,2
322582,노동,2
322583,고용,1
322584,노동,2
322585,노동,2
322586,노동,2
322587,노동,2
322588,노동,2
322589,고용,1
322590,노동,2
322591,고용,1
322592,노동,2
322593,노동,2
322594,노동,2
322595,노동,2
322596,노동,2
322597,노동,2
322598,노동,2
322599,노동,2
322600,노동,2
322601,노동,2
322602,노동,2
322603,노동,2
322604,노동,2
322605,노동,2
322606,노동,2
322607,노동,2
322608,노동,2
322609,노동,2
322610,노동,2
322611,노동,2
322612,노동,2
322613,산안,3
322614,노동,2
322615,산안,3
322616,노동,2
322617,고용,1
322618,노동,2
322619,고용,1
322620,노동,2
322621,고용,1
322622,노동,2
322623,노동,2
322624,노동,2
322625,고용,1
322626,노동,2
322627,노동,2
322628,산안,3
322629,노동,2
322630,산안,3
322631,노동,2
322632,노동,2
322633,노동,2
322634,산안,3
322635,노동,2
322636,노동,2
322637,산안,3
322638,고용,1
322639,노동,2
322640,산안,3
322641,노동,2
322642,노동,2
322643,노동,2
322644,노동,2
322645,고용,1
322646,고용,1
322647,노동,2
322648,노동,2
322649,고용,1
322650,노동,2
322651,노동,2
322652,고용,1
322653,노동,2
322654,노동,2
322655,산안,3
322656,노동,2
322657,노동,2
322658,노동,2
322659,노동,2
322660,노동,2
322661,노동,2
322662,산안,3
322663,노동,2
322664,산안,3
322665,노동,2
322666,노동,2
322667,노동,2
322668,노동,2
322669,노동,2
322670,노동,2
322671,노동,2
322672,노동,2
322673,고용,1
322674,고용,1
322675,노동,2
322676,노동,2
322677,노동,2
322678,노동,2
322679,노동,2
322680,노동,2
322681,노동,2
322682,기타,4
322683,노동,2
322684,노동,2
322685,노동,2
322686,노동,2
322687,고용,1
322688,고용,1
322689,노동,2
322690,노동,2
322691,노동,2
322692,산안,3
322693,노동,2
322694,노동,2
322695,산안,3
322696,노동,2
322697,노동,2
322698,산안,3
322699,노동,2
322700,노동,2
322701,노동,2
322702,고용,1
322703,노동,2
322704,노동,2
322705,노동,2
322706,노동,2
322707,노동,2
322708,노동,2
322709,노동,2
322710,산안,3
322711,노동,2
322712,노동,2
322713,노동,2
322714,고용,1
322715,노동,2
322716,노동,2
322717,노동,2
322718,노동,2
322719,노동,2
322720,노동,2
322721,산안,3
322722,고용,1
322723,노동,2
322724,노동,2
322725,노동,2
322726,고용,1
322727,산안,3
322728,산안,3
322729,노동,2
322730,노동,2
322731,노동,2
322732,고용,1
322733,노동,2
322734,노동,2
322735,고용,1
322736,노동,2
322737,노동,2
322738,노동,2
322739,고용,1
322740,고용,1
322741,노동,2
322742,노동,2
322743,고용,1
322744,노동,2
322745,산안,3
322746,노동,2
322747,산안,3
322748,노동,2
322749,노동,2
322750,노동,2
322751,노동,2
322752,고용,1
322753,노동,2
322754,노동,2
322755,노동,2
322756,노동,2
322757,고용,1
322758,노동,2
322759,고용,1
322760,노동,2
322761,노동,2
322762,노동,2
322763,고용,1
322764,노동,2
322765,고용,1
322766,산안,3
322767,고용,1
322768,노동,2
322769,노동,2
322770,노동,2
322771,고용,1
322772,노동,2
322773,노동,2
322774,노동,2
322775,노동,2
322776,노동,2
322777,노동,2
322778,노동,2
322779,고용,1
322780,노동,2
322781,산안,3
322782,노동,2
322783,노동,2
322784,노동,2
322785,노동,2
322786,노동,2
322787,노동,2
322788,노동,2
322789,노동,2
322790,노동,2
322791,고용,1
322792,노동,2
322793,노동,2
322794,노동,2
322795,노동,2
322796,노동,2
322797,노동,2
322798,노동,2
322799,노동,2
322800,노동,2
322801,산안,3
322802,산안,3
322803,산안,3
322804,산안,3
322805,노동,2
322806,산안,3
322807,노동,2
322808,산안,3
322809,노동,2
322810,노동,2
322811,노동,2
322812,노동,2
322813,노동,2
322814,산안,3
322815,노동,2
322816,산안,3
322817,노동,2
322818,노동,2
322819,노동,2
322820,노동,2
322821,고용,1
322822,산안,3
322823,노동,2
322824,고용,1
322825,산안,3
322826,노동,2
322827,노동,2
322828,산안,3
322829,산안,3
322830,노동,2
322831,노동,2
322832,산안,3
322833,산안,3
322834,노동,2
322835,산안,3
322836,노동,2
322837,노동,2
322838,노동,2
322839,노동,2
322840,노동,2
322841,노동,2
322842,노동,2
322843,노동,2
322844,고용,1
322845,노동,2
322846,노동,2
322847,노동,2
322848,노동,2
322849,노동,2
322850,노동,2
322851,노동,2
322852,노동,2
322853,노동,2
322854,노동,2
322855,노동,2
322856,노동,2
322857,고용,1
322858,노동,2
322859,산안,3
322860,노동,2
322861,노동,2
322862,노동,2
322863,산안,3
322864,산안,3
322865,노동,2
322866,노동,2
322867,산안,3
322868,노동,2
322869,산안,3
322870,노동,2
322871,노동,2
322872,노동,2
322873,노동,2
322874,노동,2
322875,노동,2
322876,노동,2
322877,산안,3
322878,노동,2
322879,노동,2
322880,노동,2
322881,노동,2
322882,노동,2
322883,산안,3
322884,노동,2
322885,노동,2
322886,산안,3
322887,산안,3
322888,노동,2
322889,노동,2
322890,산안,3
322891,노동,2
322892,노동,2
322893,노동,2
322894,노동,2
322895,노동,2
322896,노동,2
322897,노동,2
322898,노동,2
322899,노동,2
322900,노동,2
322901,노동,2
322902,산안,3
322903,노동,2
322904,노동,2
322905,노동,2
322906,산안,3
322907,노동,2
322908,노동,2
322909,고용,1
322910,산안,3
322911,노동,2
322912,노동,2
322913,산안,3
322914,노동,2
322915,노동,2
322916,노동,2
322917,노동,2
322918,노동,2
322919,산안,3
322920,노동,2
322921,노동,2
322922,노동,2
322923,노동,2
322924,노동,2
322925,노동,2
322926,노동,2
322927,노동,2
322928,노동,2
322929,노동,2
322930,노동,2
322931,산안,3
322932,산안,3
322933,산안,3
322934,노동,2
322935,노동,2
322936,노동,2
322937,산안,3
322938,산안,3
322939,산안,3
322940,노동,2
322941,노동,2
322942,노동,2
322943,노동,2
322944,노동,2
322945,노동,2
322946,노동,2
322947,산안,3
322948,산안,3
322949,노동,2
322950,노동,2
322951,노동,2
322952,노동,2
322953,노동,2
322954,노동,2
322955,노동,2
322956,노동,2
322957,노동,2
322958,노동,2
322959,노동,2
322960,노동,2
322961,노동,2
322962,노동,2
322963,노동,2
322964,노동,2
322965,노동,2
322966,노동,2
322967,노동,2
322968,고용,1
322969,노동,2
322970,노동,2
322971,노동,2
322972,고용,1
322973,노동,2
322974,노동,2
322975,노동,2
322976,고용,1
322977,산안,3
322978,노동,2
322979,노동,2
322980,노동,2
322981,고용,1
322982,노동,2
322983,노동,2
322984,노동,2
322985,노동,2
322986,노동,2
322987,노동,2
322988,노동,2
322989,산안,3
322990,노동,2
322991,노동,2
322992,노동,2
322993,고용,1
322994,노동,2
322995,노동,2
322996,노동,2
322997,노동,2
322998,산안,3
322999,노동,2
323000,노동,2
323001,노동,2
323002,노동,2
323003,노동,2
323004,산안,3
323005,노동,2
323006,노동,2
323007,노동,2
323008,노동,2
323009,노동,2
323010,노동,2
323011,노동,2
323012,노동,2
323013,노동,2
323014,고용,1
323015,노동,2
323016,노동,2
323017,노동,2
323018,노동,2
323019,노동,2
323020,노동,2
323021,노동,2
323022,노동,2
323023,고용,1
323024,노동,2
323025,노동,2
323026,노동,2
323027,노동,2
323028,고용,1
323029,노동,2
323030,고용,1
323031,고용,1
323032,고용,1
323033,노동,2
323034,기타,4
323035,노동,2
323036,노동,2
323037,노동,2
323038,산안,3
323039,노동,2
323040,노동,2
323041,노동,2
323042,노동,2
323043,노동,2
323044,고용,1
323045,고용,1
323046,노동,2
323047,노동,2
323048,노동,2
323049,고용,1
323050,노동,2
323051,고용,1
323052,고용,1
323053,노동,2
323054,노동,2
323055,노동,2
323056,고용,1
323057,노동,2
323058,노동,2
323059,고용,1
323060,노동,2
323061,노동,2
323062,산안,3
323063,노동,2
323064,노동,2
323065,노동,2
323066,노동,2
323067,노동,2
323068,고용,1
323069,노동,2
323070,고용,1
323071,노동,2
323072,노동,2
323073,노동,2
323074,고용,1
323075,노동,2
323076,고용,1
323077,노동,2
323078,노동,2
323079,노동,2
323080,노동,2
323081,노동,2
323082,고용,1
323083,기타,4
323084,노동,2
323085,노동,2
323086,기타,4
323087,노동,2
323088,노동,2
323089,노동,2
323090,노동,2
323091,노동,2
323092,노동,2
323093,노동,2
323094,노동,2
323095,고용,1
323096,노동,2
323097,노동,2
323098,노동,2
323099,노동,2
323100,노동,2
323101,노동,2
323102,노동,2
323103,노동,2
323104,고용,1
323105,고용,1
323106,노동,2
323107,노동,2
323108,노동,2
323109,고용,1
323110,기타,4
323111,노동,2
323112,노동,2
323113,노동,2
323114,고용,1
323115,고용,1
323116,기타,4
323117,기타,4
323118,노동,2
323119,노동,2
323120,기타,4
323121,노동,2
323122,고용,1
323123,산안,3
323124,노동,2
323125,고용,1
323126,기타,4
323127,고용,1
323128,노동,2
323129,노동,2
323130,기타,4
323131,노동,2
323132,노동,2
323133,노동,2
323134,고용,1
323135,노동,2
323136,기타,4
323137,노동,2
323138,노동,2
323139,노동,2
323140,고용,1
323141,노동,2
323142,노동,2
323143,고용,1
323144,고용,1
323145,고용,1
323146,고용,1
323147,노동,2
323148,노동,2
323149,노동,2
323150,노동,2
323151,노동,2
323152,노동,2
323153,노동,2
323154,산안,3
323155,노동,2
323156,고용,1
323157,노동,2
323158,노동,2
323159,노동,2
323160,노동,2
323161,고용,1
323162,고용,1
323163,노동,2
323164,노동,2
323165,기타,4
323166,노동,2
323167,노동,2
323168,노동,2
323169,노동,2
323170,고용,1
323171,고용,1
323172,노동,2
323173,노동,2
323174,노동,2
323175,노동,2
323176,고용,1
323177,노동,2
323178,노동,2
323179,노동,2
323180,고용,1
323181,기타,4
323182,노동,2
323183,노동,2
323184,노동,2
323185,노동,2
323186,노동,2
323187,노동,2
323188,노동,2
323189,노동,2
323190,노동,2
323191,노동,2
323192,고용,1
323193,기타,4
323194,노동,2
323195,기타,4
323196,노동,2
323197,노동,2
323198,노동,2
323199,고용,1
323200,노동,2
323201,노동,2
323202,노동,2
323203,노동,2
323204,노동,2
323205,노동,2
323206,노동,2
323207,노동,2
323208,기타,4
323209,노동,2
323210,노동,2
323211,노동,2
323212,노동,2
323213,노동,2
323214,노동,2
323215,노동,2
323216,노동,2
323217,노동,2
323218,노동,2
323219,노동,2
323220,노동,2
323221,노동,2
323222,노동,2
323223,노동,2
323224,기타,4
323225,노동,2
323226,노동,2
323227,노동,2
323228,노동,2
323229,노동,2
323230,노동,2
323231,노동,2
323232,고용,1
323233,노동,2
323234,노동,2
323235,노동,2
323236,고용,1
323237,고용,1
323238,노동,2
323239,노동,2
323240,노동,2
323241,노동,2
323242,노동,2
323243,노동,2
323244,노동,2
323245,고용,1
323246,고용,1
323247,노동,2
323248,고용,1
323249,노동,2
323250,노동,2
323251,노동,2
323252,노동,2
323253,노동,2
323254,노동,2
323255,노동,2
323256,기타,4
323257,노동,2
323258,노동,2
323259,노동,2
323260,노동,2
323261,노동,2
323262,노동,2
323263,고용,1
323264,노동,2
323265,고용,1
323266,노동,2
323267,노동,2
323268,기타,4
323269,노동,2
323270,노동,2
323271,노동,2
323272,노동,2
323273,노동,2
323274,노동,2
323275,고용,1
323276,고용,1
323277,노동,2
323278,노동,2
323279,노동,2
323280,노동,2
323281,노동,2
323282,노동,2
323283,고용,1
323284,노동,2
323285,노동,2
323286,노동,2
323287,노동,2
323288,노동,2
323289,고용,1
323290,노동,2
323291,노동,2
323292,고용,1
323293,고용,1
323294,노동,2
323295,노동,2
323296,노동,2
323297,노동,2
323298,노동,2
323299,고용,1
323300,노동,2
323301,고용,1
323302,노동,2
323303,노동,2
323304,노동,2
323305,노동,2
323306,노동,2
323307,노동,2
323308,노동,2
323309,노동,2
323310,노동,2
323311,노동,2
323312,노동,2
323313,고용,1
323314,노동,2
323315,노동,2
323316,산안,3
323317,노동,2
323318,노동,2
323319,고용,1
323320,노동,2
323321,고용,1
323322,고용,1
323323,노동,2
323324,노동,2
323325,노동,2
323326,노동,2
323327,노동,2
323328,노동,2
323329,노동,2
323330,노동,2
323331,노동,2
323332,고용,1
323333,노동,2
323334,노동,2
323335,고용,1
323336,노동,2
323337,노동,2
323338,고용,1
323339,노동,2
323340,고용,1
323341,노동,2
323342,고용,1
323343,노동,2
323344,고용,1
323345,노동,2
323346,기타,4
323347,노동,2
323348,노동,2
323349,노동,2
323350,노동,2
323351,노동,2
323352,노동,2
323353,노동,2
323354,고용,1
323355,노동,2
323356,노동,2
323357,고용,1
323358,노동,2
323359,고용,1
323360,노동,2
323361,노동,2
323362,노동,2
323363,고용,1
323364,노동,2
323365,노동,2
323366,노동,2
323367,노동,2
323368,노동,2
323369,노동,2
323370,노동,2
323371,노동,2
323372,노동,2
323373,노동,2
323374,노동,2
323375,기타,4
323376,노동,2
323377,고용,1
323378,고용,1
323379,고용,1
323380,노동,2
323381,기타,4
323382,노동,2
323383,고용,1
323384,고용,1
323385,노동,2
323386,노동,2
323387,노동,2
323388,고용,1
323389,고용,1
323390,고용,1
323391,노동,2
323392,노동,2
323393,노동,2
323394,노동,2
323395,노동,2
323396,노동,2
323397,고용,1
323398,고용,1
323399,노동,2
323400,노동,2
323401,노동,2
323402,노동,2
323403,노동,2
323404,노동,2
323405,고용,1
323406,노동,2
323407,노동,2
323408,고용,1
323409,고용,1
323410,노동,2
323411,산안,3
323412,노동,2
323413,노동,2
323414,노동,2
323415,노동,2
323416,노동,2
323417,고용,1
323418,노동,2
323419,노동,2
323420,고용,1
323421,노동,2
323422,고용,1
323423,고용,1
323424,노동,2
323425,노동,2
323426,노동,2
323427,노동,2
323428,노동,2
323429,노동,2
323430,노동,2
323431,고용,1
323432,노동,2
323433,고용,1
323434,노동,2
323435,노동,2
323436,노동,2
323437,고용,1
323438,노동,2
323439,노동,2
323440,고용,1
323441,노동,2
323442,노동,2
323443,노동,2
323444,노동,2
323445,노동,2
323446,노동,2
323447,고용,1
323448,노동,2
323449,노동,2
323450,노동,2
323451,고용,1
323452,노동,2
323453,노동,2
323454,노동,2
323455,노동,2
323456,노동,2
323457,노동,2
323458,고용,1
323459,고용,1
323460,노동,2
323461,노동,2
323462,기타,4
323463,산안,3
323464,고용,1
323465,고용,1
323466,고용,1
323467,고용,1
323468,노동,2
323469,노동,2
323470,노동,2
323471,고용,1
323472,노동,2
323473,노동,2
323474,노동,2
323475,노동,2
323476,고용,1
323477,고용,1
323478,노동,2
323479,노동,2
323480,노동,2
323481,노동,2
323482,노동,2
323483,고용,1
323484,노동,2
323485,고용,1
323486,고용,1
323487,노동,2
323488,노동,2
323489,노동,2
323490,노동,2
323491,고용,1
323492,노동,2
323493,노동,2
323494,노동,2
323495,노동,2
323496,노동,2
323497,노동,2
323498,노동,2
323499,노동,2
323500,노동,2
323501,노동,2
323502,고용,1
323503,노동,2
323504,노동,2
323505,노동,2
323506,고용,1
323507,고용,1
323508,노동,2
323509,고용,1
323510,노동,2
323511,노동,2
323512,고용,1
323513,노동,2
323514,고용,1
323515,노동,2
323516,노동,2
323517,고용,1
323518,노동,2
323519,노동,2
323520,노동,2
323521,노동,2
323522,고용,1
323523,고용,1
323524,고용,1
323525,노동,2
323526,노동,2
323527,노동,2
323528,노동,2
323529,노동,2
323530,산안,3
323531,노동,2
323532,고용,1
323533,노동,2
323534,노동,2
323535,노동,2
323536,노동,2
323537,노동,2
323538,고용,1
323539,노동,2
323540,노동,2
323541,노동,2
323542,노동,2
323543,노동,2
323544,고용,1
323545,노동,2
323546,고용,1
323547,노동,2
323548,노동,2
323549,노동,2
323550,노동,2
323551,노동,2
323552,노동,2
323553,노동,2
323554,노동,2
323555,고용,1
323556,노동,2
323557,노동,2
323558,노동,2
323559,노동,2
323560,노동,2
323561,노동,2
323562,기타,4
323563,노동,2
323564,노동,2
323565,노동,2
323566,노동,2
323567,노동,2
323568,노동,2
323569,노동,2
323570,노동,2
323571,노동,2
323572,노동,2
323573,고용,1
323574,노동,2
323575,노동,2
323576,노동,2
323577,노동,2
323578,고용,1
323579,노동,2
323580,고용,1
323581,노동,2
323582,노동,2
323583,노동,2
323584,고용,1
323585,고용,1
323586,노동,2
323587,노동,2
323588,노동,2
323589,고용,1
323590,노동,2
323591,노동,2
323592,노동,2
323593,노동,2
323594,고용,1
323595,노동,2
323596,노동,2
323597,노동,2
323598,고용,1
323599,노동,2
323600,고용,1
323601,고용,1
323602,노동,2
323603,노동,2
323604,노동,2
323605,산안,3
323606,노동,2
323607,노동,2
323608,노동,2
323609,노동,2
323610,노동,2
323611,고용,1
323612,노동,2
323613,노동,2
323614,노동,2
323615,노동,2
323616,노동,2
323617,노동,2
323618,노동,2
323619,노동,2
323620,노동,2
323621,노동,2
323622,노동,2
323623,고용,1
323624,산안,3
323625,노동,2
323626,노동,2
323627,노동,2
323628,노동,2
323629,노동,2
323630,노동,2
323631,노동,2
323632,노동,2
323633,노동,2
323634,고용,1
323635,노동,2
323636,노동,2
323637,노동,2
323638,산안,3
323639,노동,2
323640,노동,2
323641,노동,2
323642,노동,2
323643,노동,2
323644,노동,2
323645,노동,2
323646,노동,2
323647,노동,2
323648,노동,2
323649,노동,2
323650,노동,2
323651,노동,2
323652,노동,2
323653,노동,2
323654,노동,2
323655,노동,2
323656,기타,4
323657,고용,1
323658,고용,1
323659,노동,2
323660,노동,2
323661,노동,2
323662,노동,2
323663,노동,2
323664,노동,2
323665,노동,2
323666,고용,1
323667,노동,2
323668,노동,2
323669,노동,2
323670,노동,2
323671,노동,2
323672,노동,2
323673,노동,2
323674,노동,2
323675,노동,2
323676,노동,2
323677,노동,2
323678,노동,2
323679,노동,2
323680,노동,2
323681,노동,2
323682,노동,2
323683,노동,2
323684,노동,2
323685,고용,1
323686,노동,2
323687,노동,2
323688,노동,2
323689,노동,2
323690,노동,2
323691,노동,2
323692,노동,2
323693,산안,3
323694,노동,2
323695,노동,2
323696,노동,2
323697,노동,2
323698,노동,2
323699,노동,2
323700,노동,2
323701,노동,2
323702,노동,2
323703,노동,2
323704,노동,2
323705,노동,2
323706,산안,3
323707,노동,2
323708,노동,2
323709,고용,1
323710,노동,2
323711,노동,2
323712,노동,2
323713,노동,2
323714,노동,2
323715,산안,3
323716,노동,2
323717,노동,2
323718,노동,2
323719,노동,2
323720,노동,2
323721,노동,2
323722,노동,2
323723,노동,2
323724,고용,1
323725,노동,2
323726,노동,2
323727,노동,2
323728,노동,2
323729,노동,2
323730,고용,1
323731,노동,2
323732,노동,2
323733,노동,2
323734,노동,2
323735,노동,2
323736,노동,2
323737,노동,2
323738,노동,2
323739,노동,2
323740,노동,2
323741,노동,2
323742,고용,1
323743,노동,2
323744,노동,2
323745,노동,2
323746,노동,2
323747,노동,2
323748,노동,2
323749,노동,2
323750,노동,2
323751,노동,2
323752,노동,2
323753,노동,2
323754,노동,2
323755,노동,2
323756,노동,2
323757,노동,2
323758,노동,2
323759,노동,2
323760,노동,2
323761,노동,2
323762,노동,2
323763,노동,2
323764,노동,2
323765,노동,2
323766,노동,2
323767,노동,2
323768,노동,2
323769,노동,2
323770,산안,3
323771,고용,1
323772,노동,2
323773,노동,2
323774,노동,2
323775,노동,2
323776,노동,2
323777,노동,2
323778,노동,2
323779,노동,2
323780,노동,2
323781,노동,2
323782,노동,2
323783,노동,2
323784,노동,2
323785,노동,2
323786,노동,2
323787,노동,2
323788,노동,2
323789,노동,2
323790,노동,2
323791,노동,2
323792,노동,2
323793,노동,2
323794,노동,2
323795,고용,1
323796,노동,2
323797,노동,2
323798,노동,2
323799,고용,1
323800,노동,2
323801,노동,2
323802,노동,2
323803,노동,2
323804,노동,2
323805,노동,2
323806,노동,2
323807,노동,2
323808,노동,2
323809,노동,2
323810,노동,2
323811,노동,2
323812,노동,2
323813,노동,2
323814,노동,2
323815,노동,2
323816,노동,2
323817,노동,2
323818,노동,2
323819,노동,2
323820,노동,2
323821,노동,2
323822,노동,2
323823,노동,2
323824,노동,2
323825,노동,2
323826,노동,2
323827,노동,2
323828,노동,2
323829,노동,2
323830,노동,2
323831,노동,2
323832,노동,2
323833,노동,2
323834,노동,2
323835,노동,2
323836,노동,2
323837,노동,2
323838,노동,2
323839,노동,2
323840,노동,2
323841,노동,2
323842,노동,2
323843,노동,2
323844,노동,2
323845,노동,2
323846,노동,2
323847,노동,2
323848,노동,2
323849,노동,2
323850,노동,2
323851,노동,2
323852,노동,2
323853,노동,2
323854,노동,2
323855,노동,2
323856,노동,2
323857,노동,2
323858,노동,2
323859,노동,2
323860,노동,2
323861,노동,2
323862,노동,2
323863,노동,2
323864,노동,2
323865,노동,2
323866,노동,2
323867,노동,2
323868,노동,2
323869,노동,2
323870,노동,2
323871,노동,2
323872,노동,2
323873,노동,2
323874,노동,2
323875,노동,2
323876,노동,2
323877,노동,2
323878,노동,2
323879,노동,2
323880,노동,2
323881,노동,2
323882,노동,2
323883,노동,2
323884,노동,2
323885,고용,1
323886,노동,2
323887,산안,3
323888,노동,2
323889,노동,2
323890,노동,2
323891,노동,2
323892,노동,2
323893,고용,1
323894,노동,2
323895,노동,2
323896,노동,2
323897,노동,2
323898,노동,2
323899,노동,2
323900,노동,2
323901,노동,2
323902,노동,2
323903,노동,2
323904,노동,2
323905,노동,2
323906,노동,2
323907,노동,2
323908,노동,2
323909,노동,2
323910,노동,2
323911,노동,2
323912,노동,2
323913,노동,2
323914,노동,2
323915,고용,1
323916,노동,2
323917,노동,2
323918,노동,2
323919,노동,2
323920,노동,2
323921,노동,2
323922,노동,2
323923,노동,2
323924,노동,2
323925,노동,2
323926,노동,2
323927,노동,2
323928,노동,2
323929,노동,2
323930,노동,2
323931,노동,2
323932,노동,2
323933,노동,2
323934,노동,2
323935,노동,2
323936,노동,2
323937,노동,2
323938,노동,2
323939,노동,2
323940,노동,2
323941,노동,2
323942,노동,2
323943,노동,2
323944,노동,2
323945,노동,2
323946,노동,2
323947,노동,2
323948,노동,2
323949,기타,4
323950,고용,1
323951,노동,2
323952,노동,2
323953,노동,2
323954,노동,2
323955,노동,2
323956,노동,2
323957,노동,2
323958,노동,2
323959,노동,2
323960,노동,2
323961,노동,2
323962,노동,2
323963,노동,2
323964,노동,2
323965,노동,2
323966,노동,2
323967,노동,2
323968,노동,2
323969,노동,2
323970,노동,2
323971,노동,2
323972,고용,1
323973,기타,4
323974,노동,2
323975,노동,2
323976,노동,2
323977,노동,2
323978,노동,2
323979,노동,2
323980,노동,2
323981,노동,2
323982,노동,2
323983,노동,2
323984,노동,2
323985,노동,2
323986,노동,2
323987,고용,1
323988,노동,2
323989,노동,2
323990,노동,2
323991,노동,2
323992,노동,2
323993,노동,2
323994,고용,1
323995,노동,2
323996,노동,2
323997,노동,2
323998,노동,2
323999,노동,2
324000,노동,2
324001,노동,2
324002,노동,2
324003,노동,2
324004,노동,2
324005,노동,2
324006,노동,2
324007,노동,2
324008,노동,2
324009,노동,2
324010,노동,2
324011,노동,2
324012,노동,2
324013,노동,2
324014,노동,2
324015,노동,2
324016,노동,2
324017,노동,2
324018,노동,2
324019,노동,2
324020,노동,2
324021,노동,2
324022,노동,2
324023,노동,2
324024,노동,2
324025,노동,2
324026,노동,2
324027,노동,2
324028,노동,2
324029,노동,2
324030,노동,2
324031,노동,2
324032,노동,2
324033,노동,2
324034,노동,2
324035,노동,2
324036,노동,2
324037,노동,2
324038,노동,2
324039,산안,3
324040,노동,2
324041,노동,2
324042,노동,2
324043,노동,2
324044,노동,2
324045,노동,2
324046,노동,2
324047,노동,2
324048,노동,2
324049,노동,2
324050,노동,2
324051,노동,2
324052,노동,2
324053,노동,2
324054,노동,2
324055,노동,2
324056,노동,2
324057,노동,2
324058,노동,2
324059,노동,2
324060,노동,2
324061,노동,2
324062,노동,2
324063,노동,2
324064,노동,2
324065,노동,2
324066,노동,2
324067,노동,2
324068,노동,2
324069,노동,2
324070,노동,2
324071,노동,2
324072,노동,2
324073,노동,2
324074,노동,2
324075,노동,2
324076,노동,2
324077,노동,2
324078,노동,2
324079,노동,2
324080,노동,2
324081,노동,2
324082,고용,1
324083,노동,2
324084,노동,2
324085,노동,2
324086,노동,2
324087,노동,2
324088,노동,2
324089,노동,2
324090,노동,2
324091,노동,2
324092,노동,2
324093,노동,2
324094,노동,2
324095,노동,2
324096,노동,2
324097,노동,2
324098,노동,2
324099,노동,2
324100,노동,2
324101,노동,2
324102,노동,2
324103,노동,2
324104,노동,2
324105,고용,1
324106,노동,2
324107,노동,2
324108,노동,2
324109,노동,2
324110,노동,2
324111,노동,2
324112,노동,2
324113,노동,2
324114,노동,2
324115,노동,2
324116,노동,2
324117,노동,2
324118,노동,2
324119,노동,2
324120,노동,2
324121,노동,2
324122,노동,2
324123,노동,2
324124,노동,2
324125,노동,2
324126,노동,2
324127,노동,2
324128,노동,2
324129,노동,2
324130,노동,2
324131,노동,2
324132,노동,2
324133,노동,2
324134,노동,2
324135,노동,2
324136,노동,2
324137,노동,2
324138,노동,2
324139,노동,2
324140,노동,2
324141,노동,2
324142,노동,2
324143,노동,2
324144,노동,2
324145,노동,2
324146,노동,2
324147,노동,2
324148,노동,2
324149,노동,2
324150,노동,2
324151,노동,2
324152,노동,2
324153,노동,2
324154,노동,2
324155,노동,2
324156,노동,2
324157,노동,2
324158,노동,2
324159,노동,2
324160,노동,2
324161,노동,2
324162,노동,2
324163,노동,2
324164,노동,2
324165,노동,2
324166,노동,2
324167,노동,2
324168,노동,2
324169,노동,2
324170,노동,2
324171,노동,2
324172,노동,2
324173,고용,1
324174,노동,2
324175,노동,2
324176,노동,2
324177,노동,2
324178,노동,2
324179,노동,2
324180,노동,2
324181,노동,2
324182,노동,2
324183,고용,1
324184,노동,2
324185,노동,2
324186,노동,2
324187,노동,2
324188,노동,2
324189,노동,2
324190,노동,2
324191,노동,2
324192,노동,2
324193,노동,2
324194,노동,2
324195,노동,2
324196,노동,2
324197,노동,2
324198,노동,2
324199,노동,2
324200,노동,2
324201,노동,2
324202,노동,2
324203,노동,2
324204,노동,2
324205,산안,3
324206,고용,1
324207,고용,1
324208,노동,2
324209,노동,2
324210,노동,2
324211,노동,2
324212,노동,2
324213,노동,2
324214,노동,2
324215,노동,2
324216,노동,2
324217,고용,1
324218,노동,2
324219,노동,2
324220,노동,2
324221,노동,2
324222,노동,2
324223,노동,2
324224,노동,2
324225,노동,2
324226,노동,2
324227,노동,2
324228,노동,2
324229,노동,2
324230,노동,2
324231,산안,3
324232,노동,2
324233,노동,2
324234,노동,2
324235,노동,2
324236,노동,2
324237,고용,1
324238,노동,2
324239,노동,2
324240,노동,2
324241,고용,1
324242,노동,2
324243,노동,2
324244,노동,2
324245,노동,2
324246,노동,2
324247,고용,1
324248,노동,2
324249,노동,2
324250,노동,2
324251,노동,2
324252,노동,2
324253,노동,2
324254,노동,2
324255,노동,2
324256,노동,2
324257,노동,2
324258,노동,2
324259,노동,2
324260,노동,2
324261,노동,2
324262,노동,2
324263,노동,2
324264,노동,2
324265,노동,2
324266,노동,2
324267,노동,2
324268,노동,2
324269,노동,2
324270,노동,2
324271,노동,2
324272,노동,2
324273,노동,2
324274,노동,2
324275,노동,2
324276,노동,2
324277,노동,2
324278,노동,2
324279,노동,2
324280,노동,2
324281,노동,2
324282,노동,2
324283,노동,2
324284,노동,2
324285,노동,2
324286,노동,2
324287,노동,2
324288,노동,2
324289,고용,1
324290,노동,2
324291,노동,2
324292,노동,2
324293,노동,2
324294,노동,2
324295,노동,2
324296,노동,2
324297,노동,2
324298,노동,2
324299,노동,2
324300,노동,2
324301,노동,2
324302,노동,2
324303,노동,2
324304,노동,2
324305,노동,2
324306,노동,2
324307,노동,2
324308,노동,2
324309,노동,2
324310,노동,2
324311,노동,2
324312,고용,1
324313,노동,2
324314,노동,2
324315,노동,2
324316,고용,1
324317,노동,2
324318,노동,2
324319,고용,1
324320,노동,2
324321,노동,2
324322,노동,2
324323,노동,2
324324,노동,2
324325,노동,2
324326,노동,2
324327,노동,2
324328,노동,2
324329,노동,2
324330,노동,2
324331,노동,2
324332,노동,2
324333,노동,2
324334,노동,2
324335,노동,2
324336,노동,2
324337,노동,2
324338,노동,2
324339,노동,2
324340,노동,2
324341,노동,2
324342,노동,2
324343,노동,2
324344,노동,2
324345,노동,2
324346,노동,2
324347,노동,2
324348,노동,2
324349,노동,2
324350,노동,2
324351,노동,2
324352,고용,1
324353,노동,2
324354,노동,2
324355,노동,2
324356,노동,2
324357,노동,2
324358,노동,2
324359,노동,2
324360,노동,2
324361,노동,2
324362,노동,2
324363,노동,2
324364,노동,2
324365,노동,2
324366,노동,2
324367,노동,2
324368,노동,2
324369,노동,2
324370,고용,1
324371,노동,2
324372,노동,2
324373,노동,2
324374,노동,2
324375,노동,2
324376,노동,2
324377,노동,2
324378,노동,2
324379,노동,2
324380,노동,2
324381,노동,2
324382,노동,2
324383,노동,2
324384,노동,2
324385,노동,2
324386,노동,2
324387,노동,2
324388,노동,2
324389,노동,2
324390,노동,2
324391,노동,2
324392,노동,2
324393,노동,2
324394,노동,2
324395,노동,2
324396,노동,2
324397,노동,2
324398,노동,2
324399,노동,2
324400,노동,2
324401,노동,2
324402,노동,2
324403,노동,2
324404,노동,2
324405,고용,1
324406,노동,2
324407,노동,2
324408,노동,2
324409,노동,2
324410,노동,2
324411,노동,2
324412,노동,2
324413,노동,2
324414,노동,2
324415,노동,2
324416,노동,2
324417,노동,2
324418,노동,2
324419,노동,2
324420,노동,2
324421,노동,2
324422,노동,2
324423,노동,2
324424,노동,2
324425,노동,2
324426,노동,2
324427,노동,2
324428,노동,2
324429,노동,2
324430,노동,2
324431,노동,2
324432,노동,2
324433,노동,2
324434,노동,2
324435,노동,2
324436,노동,2
324437,노동,2
324438,노동,2
324439,노동,2
324440,노동,2
324441,노동,2
324442,노동,2
324443,노동,2
324444,노동,2
324445,노동,2
324446,노동,2
324447,노동,2
324448,노동,2
324449,노동,2
324450,노동,2
324451,노동,2
324452,노동,2
324453,노동,2
324454,노동,2
324455,노동,2
324456,노동,2
324457,노동,2
324458,노동,2
324459,노동,2
324460,노동,2
324461,노동,2
324462,노동,2
324463,노동,2
324464,산안,3
324465,노동,2
324466,고용,1
324467,노동,2
324468,노동,2
324469,노동,2
324470,노동,2
324471,노동,2
324472,노동,2
324473,노동,2
324474,노동,2
324475,노동,2
324476,노동,2
324477,노동,2
324478,노동,2
324479,노동,2
324480,노동,2
324481,노동,2
324482,노동,2
324483,노동,2
324484,노동,2
324485,노동,2
324486,노동,2
324487,노동,2
324488,노동,2
324489,노동,2
324490,노동,2
324491,노동,2
324492,고용,1
324493,노동,2
324494,노동,2
324495,노동,2
324496,노동,2
324497,노동,2
324498,노동,2
324499,노동,2
324500,노동,2
324501,노동,2
324502,노동,2
324503,노동,2
324504,노동,2
324505,노동,2
324506,노동,2
324507,노동,2
324508,노동,2
324509,노동,2
324510,노동,2
324511,노동,2
324512,노동,2
324513,노동,2
324514,고용,1
324515,노동,2
324516,노동,2
324517,노동,2
324518,노동,2
324519,노동,2
324520,노동,2
324521,노동,2
324522,노동,2
324523,고용,1
324524,노동,2
324525,노동,2
324526,노동,2
324527,노동,2
324528,노동,2
324529,노동,2
324530,노동,2
324531,노동,2
324532,노동,2
324533,노동,2
324534,노동,2
324535,노동,2
324536,노동,2
324537,노동,2
324538,노동,2
324539,노동,2
324540,노동,2
324541,노동,2
324542,노동,2
324543,노동,2
324544,노동,2
324545,노동,2
324546,노동,2
324547,노동,2
324548,노동,2
324549,노동,2
324550,노동,2
324551,노동,2
324552,노동,2
324553,노동,2
324554,노동,2
324555,노동,2
324556,고용,1
324557,노동,2
324558,노동,2
324559,노동,2
324560,노동,2
324561,노동,2
324562,노동,2
324563,노동,2
324564,노동,2
324565,노동,2
324566,노동,2
324567,노동,2
324568,노동,2
324569,노동,2
324570,노동,2
324571,노동,2
324572,노동,2
324573,노동,2
324574,노동,2
324575,노동,2
324576,노동,2
324577,노동,2
324578,노동,2
324579,노동,2
324580,노동,2
324581,노동,2
324582,노동,2
324583,노동,2
324584,노동,2
324585,노동,2
324586,노동,2
324587,노동,2
324588,노동,2
324589,노동,2
324590,노동,2
324591,노동,2
324592,노동,2
324593,노동,2
324594,노동,2
324595,노동,2
324596,노동,2
324597,노동,2
324598,노동,2
324599,노동,2
324600,노동,2
324601,노동,2
324602,노동,2
324603,노동,2
324604,노동,2
324605,노동,2
324606,노동,2
324607,노동,2
324608,노동,2
324609,노동,2
324610,노동,2
324611,노동,2
324612,노동,2
324613,노동,2
324614,노동,2
324615,노동,2
324616,노동,2
324617,노동,2
324618,노동,2
324619,노동,2
324620,노동,2
324621,노동,2
324622,노동,2
324623,노동,2
324624,노동,2
324625,노동,2
324626,고용,1
324627,노동,2
324628,노동,2
324629,노동,2
324630,노동,2
324631,노동,2
324632,노동,2
324633,고용,1
324634,노동,2
324635,노동,2
324636,노동,2
324637,노동,2
324638,노동,2
324639,노동,2
324640,노동,2
324641,노동,2
324642,노동,2
324643,노동,2
324644,노동,2
324645,노동,2
324646,노동,2
324647,노동,2
324648,노동,2
324649,노동,2
324650,노동,2
324651,노동,2
324652,노동,2
324653,노동,2
324654,노동,2
324655,노동,2
324656,노동,2
324657,노동,2
324658,노동,2
324659,노동,2
324660,노동,2
324661,노동,2
324662,노동,2
324663,노동,2
324664,노동,2
324665,노동,2
324666,노동,2
324667,고용,1
324668,노동,2
324669,노동,2
324670,노동,2
324671,노동,2
324672,노동,2
324673,노동,2
324674,고용,1
324675,노동,2
324676,노동,2
324677,노동,2
324678,노동,2
324679,노동,2
324680,노동,2
324681,노동,2
324682,노동,2
324683,노동,2
324684,노동,2
324685,노동,2
324686,노동,2
324687,노동,2
324688,노동,2
324689,노동,2
324690,노동,2
324691,노동,2
324692,노동,2
324693,노동,2
324694,노동,2
324695,노동,2
324696,노동,2
324697,노동,2
324698,노동,2
324699,노동,2
324700,고용,1
324701,노동,2
324702,노동,2
324703,노동,2
324704,노동,2
324705,노동,2
324706,노동,2
324707,노동,2
324708,고용,1
324709,노동,2
324710,노동,2
324711,노동,2
324712,노동,2
324713,노동,2
324714,노동,2
324715,노동,2
324716,노동,2
324717,노동,2
324718,노동,2
324719,노동,2
324720,노동,2
324721,노동,2
324722,노동,2
324723,노동,2
324724,노동,2
324725,노동,2
324726,노동,2
324727,노동,2
324728,노동,2
324729,노동,2
324730,노동,2
324731,노동,2
324732,노동,2
324733,노동,2
324734,노동,2
324735,노동,2
324736,노동,2
324737,노동,2
324738,노동,2
324739,노동,2
324740,노동,2
324741,노동,2
324742,노동,2
324743,노동,2
324744,노동,2
324745,노동,2
324746,노동,2
324747,노동,2
324748,노동,2
324749,노동,2
324750,노동,2
324751,노동,2
324752,노동,2
324753,노동,2
324754,노동,2
324755,노동,2
324756,노동,2
324757,노동,2
324758,노동,2
324759,노동,2
324760,노동,2
324761,노동,2
324762,노동,2
324763,노동,2
324764,노동,2
324765,노동,2
324766,노동,2
324767,노동,2
324768,노동,2
324769,노동,2
324770,노동,2
324771,노동,2
324772,노동,2
324773,노동,2
324774,노동,2
324775,노동,2
324776,노동,2
324777,고용,1
324778,노동,2
324779,노동,2
324780,노동,2
324781,노동,2
324782,노동,2
324783,노동,2
324784,노동,2
324785,노동,2
324786,노동,2
324787,노동,2
324788,노동,2
324789,노동,2
324790,노동,2
324791,노동,2
324792,노동,2
324793,노동,2
324794,노동,2
324795,노동,2
324796,노동,2
324797,노동,2
324798,노동,2
324799,노동,2
324800,노동,2
324801,노동,2
324802,노동,2
324803,노동,2
324804,노동,2
324805,노동,2
324806,노동,2
324807,노동,2
324808,노동,2
324809,노동,2
324810,노동,2
324811,노동,2
324812,노동,2
324813,노동,2
324814,노동,2
324815,노동,2
324816,노동,2
324817,노동,2
324818,노동,2
324819,노동,2
324820,노동,2
324821,노동,2
324822,노동,2
324823,노동,2
324824,노동,2
324825,노동,2
324826,노동,2
324827,노동,2
324828,노동,2
324829,노동,2
324830,노동,2
324831,노동,2
324832,노동,2
324833,노동,2
324834,노동,2
324835,노동,2
324836,노동,2
324837,노동,2
324838,노동,2
324839,노동,2
324840,노동,2
324841,노동,2
324842,노동,2
324843,노동,2
324844,노동,2
324845,노동,2
324846,노동,2
324847,노동,2
324848,고용,1
324849,노동,2
324850,노동,2
324851,노동,2
324852,노동,2
324853,노동,2
324854,노동,2
324855,노동,2
324856,노동,2
324857,고용,1
324858,노동,2
324859,노동,2
324860,노동,2
324861,고용,1
324862,노동,2
324863,노동,2
324864,고용,1
324865,노동,2
324866,노동,2
324867,노동,2
324868,노동,2
324869,노동,2
324870,노동,2
324871,노동,2
324872,노동,2
324873,노동,2
324874,노동,2
324875,노동,2
324876,노동,2
324877,노동,2
324878,노동,2
324879,노동,2
324880,노동,2
324881,노동,2
324882,노동,2
324883,노동,2
324884,노동,2
324885,노동,2
324886,노동,2
324887,노동,2
324888,노동,2
324889,노동,2
324890,노동,2
324891,노동,2
324892,노동,2
324893,고용,1
324894,노동,2
324895,고용,1
324896,노동,2
324897,노동,2
324898,노동,2
324899,노동,2
324900,노동,2
324901,노동,2
324902,노동,2
324903,노동,2
324904,노동,2
324905,노동,2
324906,노동,2
324907,고용,1
324908,노동,2
324909,고용,1
324910,노동,2
324911,노동,2
324912,고용,1
324913,노동,2
324914,노동,2
324915,노동,2
324916,노동,2
324917,노동,2
324918,노동,2
324919,노동,2
324920,노동,2
324921,노동,2
324922,노동,2
324923,노동,2
324924,노동,2
324925,노동,2
324926,노동,2
324927,노동,2
324928,노동,2
324929,노동,2
324930,노동,2
324931,노동,2
324932,노동,2
324933,노동,2
324934,노동,2
324935,노동,2
324936,노동,2
324937,노동,2
324938,노동,2
324939,노동,2
324940,노동,2
324941,노동,2
324942,노동,2
324943,노동,2
324944,노동,2
324945,노동,2
324946,노동,2
324947,노동,2
324948,노동,2
324949,노동,2
324950,노동,2
324951,노동,2
324952,노동,2
324953,노동,2
324954,노동,2
324955,노동,2
324956,노동,2
324957,노동,2
324958,노동,2
324959,노동,2
324960,노동,2
324961,노동,2
324962,노동,2
324963,노동,2
324964,노동,2
324965,노동,2
324966,노동,2
324967,노동,2
324968,고용,1
324969,노동,2
324970,고용,1
324971,노동,2
324972,노동,2
324973,노동,2
324974,노동,2
324975,노동,2
324976,고용,1
324977,노동,2
324978,노동,2
324979,노동,2
324980,노동,2
324981,노동,2
324982,노동,2
324983,노동,2
324984,고용,1
324985,노동,2
324986,노동,2
324987,노동,2
324988,노동,2
324989,고용,1
324990,노동,2
324991,노동,2
324992,노동,2
324993,노동,2
324994,노동,2
324995,노동,2
324996,노동,2
324997,노동,2
324998,노동,2
324999,노동,2
325000,노동,2
325001,노동,2
325002,노동,2
325003,노동,2
325004,노동,2
325005,노동,2
325006,노동,2
325007,노동,2
325008,노동,2
325009,노동,2
325010,노동,2
325011,노동,2
325012,노동,2
325013,노동,2
325014,노동,2
325015,노동,2
325016,노동,2
325017,노동,2
325018,노동,2
325019,노동,2
325020,노동,2
325021,노동,2
325022,노동,2
325023,고용,1
325024,노동,2
325025,노동,2
325026,노동,2
325027,노동,2
325028,노동,2
325029,노동,2
325030,노동,2
325031,노동,2
325032,노동,2
325033,노동,2
325034,노동,2
325035,노동,2
325036,노동,2
325037,노동,2
325038,노동,2
325039,노동,2
325040,노동,2
325041,노동,2
325042,노동,2
325043,노동,2
325044,노동,2
325045,노동,2
325046,노동,2
325047,노동,2
325048,노동,2
325049,노동,2
325050,노동,2
325051,노동,2
325052,노동,2
325053,노동,2
325054,노동,2
325055,노동,2
325056,노동,2
325057,노동,2
325058,노동,2
325059,노동,2
325060,노동,2
325061,노동,2
325062,노동,2
325063,노동,2
325064,노동,2
325065,노동,2
325066,노동,2
325067,노동,2
325068,노동,2
325069,노동,2
325070,노동,2
325071,노동,2
325072,노동,2
325073,노동,2
325074,고용,1
325075,노동,2
325076,노동,2
325077,노동,2
325078,노동,2
325079,노동,2
325080,노동,2
325081,노동,2
325082,노동,2
325083,노동,2
325084,노동,2
325085,고용,1
325086,고용,1
325087,노동,2
325088,노동,2
325089,노동,2
325090,노동,2
325091,노동,2
325092,노동,2
325093,노동,2
325094,노동,2
325095,노동,2
325096,노동,2
325097,노동,2
325098,노동,2
325099,노동,2
325100,노동,2
325101,노동,2
325102,노동,2
325103,고용,1
325104,노동,2
325105,노동,2
325106,노동,2
325107,노동,2
325108,노동,2
325109,노동,2
325110,노동,2
325111,노동,2
325112,노동,2
325113,고용,1
325114,노동,2
325115,노동,2
325116,노동,2
325117,노동,2
325118,노동,2
325119,노동,2
325120,노동,2
325121,노동,2
325122,노동,2
325123,노동,2
325124,노동,2
325125,노동,2
325126,노동,2
325127,고용,1
325128,노동,2
325129,노동,2
325130,노동,2
325131,노동,2
325132,노동,2
325133,노동,2
325134,노동,2
325135,노동,2
325136,노동,2
325137,노동,2
325138,노동,2
325139,노동,2
325140,노동,2
325141,노동,2
325142,노동,2
325143,고용,1
325144,노동,2
325145,노동,2
325146,노동,2
325147,노동,2
325148,노동,2
325149,노동,2
325150,노동,2
325151,노동,2
325152,노동,2
325153,노동,2
325154,노동,2
325155,노동,2
325156,노동,2
325157,노동,2
325158,노동,2
325159,노동,2
325160,노동,2
325161,고용,1
325162,노동,2
325163,노동,2
325164,고용,1
325165,노동,2
325166,노동,2
325167,노동,2
325168,노동,2
325169,노동,2
325170,노동,2
325171,노동,2
325172,노동,2
325173,노동,2
325174,노동,2
325175,노동,2
325176,노동,2
325177,노동,2
325178,노동,2
325179,고용,1
325180,노동,2
325181,노동,2
325182,노동,2
325183,노동,2
325184,노동,2
325185,노동,2
325186,노동,2
325187,노동,2
325188,노동,2
325189,노동,2
325190,노동,2
325191,노동,2
325192,노동,2
325193,노동,2
325194,노동,2
325195,노동,2
325196,노동,2
325197,노동,2
325198,노동,2
325199,노동,2
325200,노동,2
325201,노동,2
325202,노동,2
325203,노동,2
325204,노동,2
325205,고용,1
325206,노동,2
325207,노동,2
325208,고용,1
325209,노동,2
325210,노동,2
325211,노동,2
325212,노동,2
325213,노동,2
325214,노동,2
325215,노동,2
325216,노동,2
325217,노동,2
325218,노동,2
325219,노동,2
325220,노동,2
325221,노동,2
325222,노동,2
325223,노동,2
325224,노동,2
325225,노동,2
325226,노동,2
325227,노동,2
325228,노동,2
325229,노동,2
325230,노동,2
325231,노동,2
325232,노동,2
325233,노동,2
325234,노동,2
325235,노동,2
325236,노동,2
325237,노동,2
325238,노동,2
325239,노동,2
325240,노동,2
325241,노동,2
325242,노동,2
325243,노동,2
325244,노동,2
325245,노동,2
325246,노동,2
325247,노동,2
325248,노동,2
325249,노동,2
325250,노동,2
325251,노동,2
325252,고용,1
325253,노동,2
325254,노동,2
325255,노동,2
325256,노동,2
325257,노동,2
325258,고용,1
325259,노동,2
325260,노동,2
325261,노동,2
325262,노동,2
325263,노동,2
325264,노동,2
325265,노동,2
325266,노동,2
325267,노동,2
325268,노동,2
325269,노동,2
325270,노동,2
325271,노동,2
325272,고용,1
325273,고용,1
325274,노동,2
325275,노동,2
325276,노동,2
325277,노동,2
325278,고용,1
325279,노동,2
325280,노동,2
325281,노동,2
325282,노동,2
325283,노동,2
325284,노동,2
325285,노동,2
325286,노동,2
325287,고용,1
325288,노동,2
325289,노동,2
325290,노동,2
325291,노동,2
325292,노동,2
325293,노동,2
325294,노동,2
325295,노동,2
325296,노동,2
325297,노동,2
325298,노동,2
325299,노동,2
325300,노동,2
325301,노동,2
325302,노동,2
325303,노동,2
325304,노동,2
325305,노동,2
325306,노동,2
325307,노동,2
325308,노동,2
325309,노동,2
325310,노동,2
325311,노동,2
325312,노동,2
325313,노동,2
325314,노동,2
325315,노동,2
325316,노동,2
325317,고용,1
325318,노동,2
325319,노동,2
325320,노동,2
325321,노동,2
325322,노동,2
325323,노동,2
325324,노동,2
325325,노동,2
325326,노동,2
325327,노동,2
325328,노동,2
325329,노동,2
325330,노동,2
325331,고용,1
325332,노동,2
325333,노동,2
325334,노동,2
325335,노동,2
325336,노동,2
325337,노동,2
325338,고용,1
325339,노동,2
325340,노동,2
325341,노동,2
325342,고용,1
325343,노동,2
325344,고용,1
325345,노동,2
325346,노동,2
325347,노동,2
325348,노동,2
325349,노동,2
325350,노동,2
325351,고용,1
325352,고용,1
325353,노동,2
325354,고용,1
325355,고용,1
325356,노동,2
325357,노동,2
325358,노동,2
325359,노동,2
325360,노동,2
325361,노동,2
325362,노동,2
325363,노동,2
325364,노동,2
325365,노동,2
325366,노동,2
325367,노동,2
325368,노동,2
325369,노동,2
325370,노동,2
325371,고용,1
325372,고용,1
325373,노동,2
325374,노동,2
325375,노동,2
325376,노동,2
325377,노동,2
325378,노동,2
325379,노동,2
325380,노동,2
325381,노동,2
325382,노동,2
325383,고용,1
325384,노동,2
325385,노동,2
325386,노동,2
325387,노동,2
325388,노동,2
325389,고용,1
325390,노동,2
325391,노동,2
325392,노동,2
325393,노동,2
325394,노동,2
325395,노동,2
325396,고용,1
325397,노동,2
325398,노동,2
325399,노동,2
325400,노동,2
325401,노동,2
325402,노동,2
325403,노동,2
325404,노동,2
325405,노동,2
325406,노동,2
325407,노동,2
325408,고용,1
325409,노동,2
325410,고용,1
325411,노동,2
325412,고용,1
325413,노동,2
325414,노동,2
325415,고용,1
325416,노동,2
325417,노동,2
325418,노동,2
325419,노동,2
325420,노동,2
325421,노동,2
325422,노동,2
325423,노동,2
325424,노동,2
325425,노동,2
325426,노동,2
325427,노동,2
325428,노동,2
325429,노동,2
325430,고용,1
325431,노동,2
325432,노동,2
325433,노동,2
325434,노동,2
325435,노동,2
325436,노동,2
325437,노동,2
325438,노동,2
325439,노동,2
325440,노동,2
325441,고용,1
325442,고용,1
325443,노동,2
325444,노동,2
325445,노동,2
325446,노동,2
325447,노동,2
325448,노동,2
325449,노동,2
325450,노동,2
325451,노동,2
325452,노동,2
325453,노동,2
325454,노동,2
325455,노동,2
325456,노동,2
325457,노동,2
325458,산안,3
325459,산안,3
325460,노동,2
325461,노동,2
325462,노동,2
325463,노동,2
325464,노동,2
325465,노동,2
325466,노동,2
325467,노동,2
325468,노동,2
325469,노동,2
325470,노동,2
325471,노동,2
325472,노동,2
325473,노동,2
325474,노동,2
325475,노동,2
325476,노동,2
325477,노동,2
325478,노동,2
325479,노동,2
325480,노동,2
325481,노동,2
325482,노동,2
325483,노동,2
325484,고용,1
325485,노동,2
325486,노동,2
325487,노동,2
325488,고용,1
325489,고용,1
325490,노동,2
325491,노동,2
325492,노동,2
325493,노동,2
325494,노동,2
325495,고용,1
325496,노동,2
325497,고용,1
325498,노동,2
325499,노동,2
325500,노동,2
325501,노동,2
325502,노동,2
325503,노동,2
325504,노동,2
325505,노동,2
325506,노동,2
325507,노동,2
325508,노동,2
325509,노동,2
325510,노동,2
325511,노동,2
325512,노동,2
325513,노동,2
325514,노동,2
325515,노동,2
325516,노동,2
325517,노동,2
325518,노동,2
325519,노동,2
325520,노동,2
325521,노동,2
325522,노동,2
325523,노동,2
325524,노동,2
325525,노동,2
325526,노동,2
325527,노동,2
325528,노동,2
325529,노동,2
325530,고용,1
325531,노동,2
325532,고용,1
325533,고용,1
325534,노동,2
325535,고용,1
325536,노동,2
325537,노동,2
325538,노동,2
325539,노동,2
325540,노동,2
325541,노동,2
325542,노동,2
325543,노동,2
325544,노동,2
325545,노동,2
325546,노동,2
325547,노동,2
325548,노동,2
325549,고용,1
325550,노동,2
325551,노동,2
325552,노동,2
325553,노동,2
325554,노동,2
325555,노동,2
325556,노동,2
325557,노동,2
325558,고용,1
325559,노동,2
325560,노동,2
325561,노동,2
325562,노동,2
325563,노동,2
325564,노동,2
325565,고용,1
325566,노동,2
325567,노동,2
325568,노동,2
325569,노동,2
325570,노동,2
325571,노동,2
325572,노동,2
325573,노동,2
325574,노동,2
325575,노동,2
325576,노동,2
325577,노동,2
325578,노동,2
325579,노동,2
325580,노동,2
325581,노동,2
325582,노동,2
325583,고용,1
325584,노동,2
325585,노동,2
325586,고용,1
325587,노동,2
325588,고용,1
325589,노동,2
325590,노동,2
325591,노동,2
325592,노동,2
325593,고용,1
325594,노동,2
325595,노동,2
325596,노동,2
325597,노동,2
325598,노동,2
325599,노동,2
325600,노동,2
325601,산안,3
325602,노동,2
325603,노동,2
325604,노동,2
325605,노동,2
325606,노동,2
325607,노동,2
325608,노동,2
325609,노동,2
325610,고용,1
325611,노동,2
325612,노동,2
325613,노동,2
325614,노동,2
325615,노동,2
325616,노동,2
325617,노동,2
325618,노동,2
325619,노동,2
325620,노동,2
325621,노동,2
325622,노동,2
325623,노동,2
325624,노동,2
325625,노동,2
325626,노동,2
325627,노동,2
325628,노동,2
325629,노동,2
325630,노동,2
325631,노동,2
325632,노동,2
325633,노동,2
325634,노동,2
325635,노동,2
325636,노동,2
325637,고용,1
325638,노동,2
325639,노동,2
325640,노동,2
325641,노동,2
325642,노동,2
325643,노동,2
325644,노동,2
325645,노동,2
325646,노동,2
325647,노동,2
325648,노동,2
325649,노동,2
325650,노동,2
325651,노동,2
325652,노동,2
325653,노동,2
325654,노동,2
325655,노동,2
325656,노동,2
325657,노동,2
325658,노동,2
325659,노동,2
325660,노동,2
325661,노동,2
325662,노동,2
325663,노동,2
325664,노동,2
325665,노동,2
325666,노동,2
325667,노동,2
325668,노동,2
325669,노동,2
325670,노동,2
325671,노동,2
325672,노동,2
325673,노동,2
325674,노동,2
325675,노동,2
325676,노동,2
325677,노동,2
325678,노동,2
325679,노동,2
325680,노동,2
325681,노동,2
325682,노동,2
325683,노동,2
325684,노동,2
325685,노동,2
325686,노동,2
325687,노동,2
325688,노동,2
325689,노동,2
325690,노동,2
325691,노동,2
325692,고용,1
325693,노동,2
325694,노동,2
325695,노동,2
325696,노동,2
325697,노동,2
325698,노동,2
325699,노동,2
325700,노동,2
325701,노동,2
325702,노동,2
325703,노동,2
325704,노동,2
325705,노동,2
325706,노동,2
325707,노동,2
325708,노동,2
325709,노동,2
325710,노동,2
325711,노동,2
325712,노동,2
325713,노동,2
325714,노동,2
325715,노동,2
325716,노동,2
325717,노동,2
325718,노동,2
325719,노동,2
325720,노동,2
325721,노동,2
325722,노동,2
325723,노동,2
325724,노동,2
325725,노동,2
325726,노동,2
325727,노동,2
325728,노동,2
325729,노동,2
325730,노동,2
325731,노동,2
325732,노동,2
325733,노동,2
325734,노동,2
325735,노동,2
325736,노동,2
325737,노동,2
325738,노동,2
325739,노동,2
325740,노동,2
325741,노동,2
325742,노동,2
325743,노동,2
325744,노동,2
325745,노동,2
325746,노동,2
325747,노동,2
325748,노동,2
325749,노동,2
325750,노동,2
325751,산안,3
325752,노동,2
325753,산안,3
325754,산안,3
325755,노동,2
325756,노동,2
325757,노동,2
325758,노동,2
325759,노동,2
325760,노동,2
325761,노동,2
325762,노동,2
325763,노동,2
325764,노동,2
325765,노동,2
325766,노동,2
325767,노동,2
325768,노동,2
325769,노동,2
325770,노동,2
325771,노동,2
325772,노동,2
325773,노동,2
325774,산안,3
325775,노동,2
325776,노동,2
325777,노동,2
325778,노동,2
325779,노동,2
325780,노동,2
325781,노동,2
325782,고용,1
325783,노동,2
325784,노동,2
325785,노동,2
325786,노동,2
325787,노동,2
325788,노동,2
325789,노동,2
325790,노동,2
325791,노동,2
325792,노동,2
325793,노동,2
325794,노동,2
325795,노동,2
325796,노동,2
325797,노동,2
325798,노동,2
325799,노동,2
325800,노동,2
325801,노동,2
325802,노동,2
325803,노동,2
325804,노동,2
325805,노동,2
325806,고용,1
325807,노동,2
325808,노동,2
325809,고용,1
325810,고용,1
325811,노동,2
325812,고용,1
325813,노동,2
325814,노동,2
325815,노동,2
325816,고용,1
325817,노동,2
325818,노동,2
325819,노동,2
325820,노동,2
325821,노동,2
325822,노동,2
325823,노동,2
325824,노동,2
325825,노동,2
325826,노동,2
325827,노동,2
325828,노동,2
325829,노동,2
325830,노동,2
325831,노동,2
325832,노동,2
325833,노동,2
325834,노동,2
325835,노동,2
325836,노동,2
325837,노동,2
325838,노동,2
325839,노동,2
325840,노동,2
325841,노동,2
325842,산안,3
325843,노동,2
325844,노동,2
325845,노동,2
325846,노동,2
325847,노동,2
325848,노동,2
325849,노동,2
325850,노동,2
325851,노동,2
325852,산안,3
325853,노동,2
325854,노동,2
325855,노동,2
325856,노동,2
325857,노동,2
325858,고용,1
325859,고용,1
325860,고용,1
325861,노동,2
325862,노동,2
325863,노동,2
325864,노동,2
325865,노동,2
325866,노동,2
325867,노동,2
325868,노동,2
325869,노동,2
325870,노동,2
325871,노동,2
325872,노동,2
325873,노동,2
325874,노동,2
325875,노동,2
325876,노동,2
325877,노동,2
325878,노동,2
325879,노동,2
325880,노동,2
325881,노동,2
325882,노동,2
325883,노동,2
325884,노동,2
325885,노동,2
325886,노동,2
325887,노동,2
325888,노동,2
325889,노동,2
325890,노동,2
325891,노동,2
325892,고용,1
325893,노동,2
325894,노동,2
325895,노동,2
325896,노동,2
325897,노동,2
325898,노동,2
325899,노동,2
325900,노동,2
325901,노동,2
325902,노동,2
325903,노동,2
325904,노동,2
325905,노동,2
325906,노동,2
325907,노동,2
325908,노동,2
325909,노동,2
325910,노동,2
325911,노동,2
325912,노동,2
325913,노동,2
325914,노동,2
325915,노동,2
325916,노동,2
325917,노동,2
325918,노동,2
325919,노동,2
325920,노동,2
325921,노동,2
325922,노동,2
325923,노동,2
325924,노동,2
325925,노동,2
325926,노동,2
325927,노동,2
325928,노동,2
325929,노동,2
325930,노동,2
325931,노동,2
325932,노동,2
325933,노동,2
325934,노동,2
325935,노동,2
325936,노동,2
325937,노동,2
325938,노동,2
325939,노동,2
325940,노동,2
325941,노동,2
325942,노동,2
325943,노동,2
325944,노동,2
325945,노동,2
325946,노동,2
325947,노동,2
325948,노동,2
325949,노동,2
325950,노동,2
325951,노동,2
325952,고용,1
325953,노동,2
325954,노동,2
325955,노동,2
325956,노동,2
325957,노동,2
325958,노동,2
325959,노동,2
325960,노동,2
325961,노동,2
325962,노동,2
325963,노동,2
325964,노동,2
325965,노동,2
325966,노동,2
325967,노동,2
325968,고용,1
325969,노동,2
325970,노동,2
325971,노동,2
325972,노동,2
325973,노동,2
325974,고용,1
325975,노동,2
325976,노동,2
325977,고용,1
325978,노동,2
325979,노동,2
325980,노동,2
325981,노동,2
325982,노동,2
325983,노동,2
325984,노동,2
325985,노동,2
325986,노동,2
325987,노동,2
325988,노동,2
325989,노동,2
325990,노동,2
325991,고용,1
325992,노동,2
325993,노동,2
325994,노동,2
325995,노동,2
325996,노동,2
325997,노동,2
325998,노동,2
325999,노동,2
326000,노동,2
326001,노동,2
326002,노동,2
326003,노동,2
326004,노동,2
326005,노동,2
326006,노동,2
326007,노동,2
326008,노동,2
326009,노동,2
326010,노동,2
326011,노동,2
326012,노동,2
326013,노동,2
326014,고용,1
326015,노동,2
326016,노동,2
326017,노동,2
326018,노동,2
326019,노동,2
326020,노동,2
326021,노동,2
326022,노동,2
326023,노동,2
326024,노동,2
326025,노동,2
326026,노동,2
326027,노동,2
326028,고용,1
326029,노동,2
326030,노동,2
326031,노동,2
326032,노동,2
326033,고용,1
326034,노동,2
326035,노동,2
326036,노동,2
326037,노동,2
326038,노동,2
326039,고용,1
326040,노동,2
326041,노동,2
326042,노동,2
326043,노동,2
326044,노동,2
326045,노동,2
326046,고용,1
326047,고용,1
326048,노동,2
326049,노동,2
326050,노동,2
326051,노동,2
326052,노동,2
326053,노동,2
326054,노동,2
326055,고용,1
326056,노동,2
326057,노동,2
326058,노동,2
326059,노동,2
326060,노동,2
326061,노동,2
326062,노동,2
326063,노동,2
326064,노동,2
326065,노동,2
326066,노동,2
326067,노동,2
326068,노동,2
326069,노동,2
326070,노동,2
326071,노동,2
326072,노동,2
326073,노동,2
326074,노동,2
326075,노동,2
326076,노동,2
326077,노동,2
326078,노동,2
326079,노동,2
326080,노동,2
326081,노동,2
326082,노동,2
326083,노동,2
326084,고용,1
326085,노동,2
326086,노동,2
326087,노동,2
326088,노동,2
326089,노동,2
326090,노동,2
326091,고용,1
326092,노동,2
326093,노동,2
326094,노동,2
326095,노동,2
326096,노동,2
326097,노동,2
326098,노동,2
326099,노동,2
326100,노동,2
326101,노동,2
326102,노동,2
326103,노동,2
326104,노동,2
326105,노동,2
326106,노동,2
326107,노동,2
326108,노동,2
326109,노동,2
326110,노동,2
326111,노동,2
326112,노동,2
326113,노동,2
326114,노동,2
326115,노동,2
326116,노동,2
326117,노동,2
326118,노동,2
326119,노동,2
326120,노동,2
326121,노동,2
326122,노동,2
326123,노동,2
326124,노동,2
326125,고용,1
326126,고용,1
326127,노동,2
326128,노동,2
326129,노동,2
326130,노동,2
326131,노동,2
326132,노동,2
326133,노동,2
326134,고용,1
326135,노동,2
326136,노동,2
326137,노동,2
326138,노동,2
326139,노동,2
326140,노동,2
326141,노동,2
326142,산안,3
326143,노동,2
326144,노동,2
326145,노동,2
326146,노동,2
326147,노동,2
326148,노동,2
326149,노동,2
326150,노동,2
326151,고용,1
326152,노동,2
326153,노동,2
326154,노동,2
326155,노동,2
326156,노동,2
326157,노동,2
326158,노동,2
326159,노동,2
326160,노동,2
326161,노동,2
326162,노동,2
326163,노동,2
326164,고용,1
326165,노동,2
326166,노동,2
326167,노동,2
326168,노동,2
326169,노동,2
326170,노동,2
326171,노동,2
326172,노동,2
326173,노동,2
326174,노동,2
326175,노동,2
326176,노동,2
326177,노동,2
326178,노동,2
326179,노동,2
326180,노동,2
326181,노동,2
326182,노동,2
326183,고용,1
326184,노동,2
326185,고용,1
326186,노동,2
326187,노동,2
326188,노동,2
326189,노동,2
326190,노동,2
326191,노동,2
326192,노동,2
326193,노동,2
326194,노동,2
326195,노동,2
326196,노동,2
326197,노동,2
326198,노동,2
326199,노동,2
326200,노동,2
326201,고용,1
326202,노동,2
326203,산안,3
326204,노동,2
326205,노동,2
326206,노동,2
326207,노동,2
326208,노동,2
326209,노동,2
326210,노동,2
326211,노동,2
326212,노동,2
326213,노동,2
326214,노동,2
326215,노동,2
326216,노동,2
326217,노동,2
326218,노동,2
326219,노동,2
326220,노동,2
326221,노동,2
326222,노동,2
326223,고용,1
326224,노동,2
326225,노동,2
326226,노동,2
326227,노동,2
326228,노동,2
326229,노동,2
326230,노동,2
326231,노동,2
326232,노동,2
326233,노동,2
326234,노동,2
326235,노동,2
326236,노동,2
326237,노동,2
326238,고용,1
326239,산안,3
326240,노동,2
326241,노동,2
326242,노동,2
326243,고용,1
326244,노동,2
326245,고용,1
326246,고용,1
326247,노동,2
326248,노동,2
326249,노동,2
326250,노동,2
326251,노동,2
326252,노동,2
326253,노동,2
326254,노동,2
326255,노동,2
326256,노동,2
326257,노동,2
326258,노동,2
326259,노동,2
326260,노동,2
326261,노동,2
326262,노동,2
326263,노동,2
326264,노동,2
326265,노동,2
326266,노동,2
326267,노동,2
326268,노동,2
326269,고용,1
326270,노동,2
326271,노동,2
326272,노동,2
326273,노동,2
326274,노동,2
326275,노동,2
326276,노동,2
326277,노동,2
326278,노동,2
326279,노동,2
326280,고용,1
326281,노동,2
326282,노동,2
326283,노동,2
326284,노동,2
326285,노동,2
326286,노동,2
326287,노동,2
326288,노동,2
326289,노동,2
326290,노동,2
326291,노동,2
326292,노동,2
326293,노동,2
326294,노동,2
326295,노동,2
326296,노동,2
326297,노동,2
326298,노동,2
326299,고용,1
326300,고용,1
326301,노동,2
326302,노동,2
326303,노동,2
326304,노동,2
326305,노동,2
326306,노동,2
326307,노동,2
326308,노동,2
326309,노동,2
326310,노동,2
326311,노동,2
326312,노동,2
326313,노동,2
326314,노동,2
326315,노동,2
326316,노동,2
326317,노동,2
326318,노동,2
326319,노동,2
326320,노동,2
326321,노동,2
326322,노동,2
326323,노동,2
326324,노동,2
326325,노동,2
326326,노동,2
326327,노동,2
326328,고용,1
326329,노동,2
326330,노동,2
326331,노동,2
326332,노동,2
326333,고용,1
326334,노동,2
326335,노동,2
326336,노동,2
326337,노동,2
326338,노동,2
326339,노동,2
326340,노동,2
326341,노동,2
326342,노동,2
326343,노동,2
326344,노동,2
326345,노동,2
326346,노동,2
326347,노동,2
326348,노동,2
326349,노동,2
326350,고용,1
326351,노동,2
326352,노동,2
326353,고용,1
326354,노동,2
326355,노동,2
326356,노동,2
326357,노동,2
326358,노동,2
326359,노동,2
326360,노동,2
326361,노동,2
326362,노동,2
326363,노동,2
326364,노동,2
326365,노동,2
326366,노동,2
326367,노동,2
326368,노동,2
326369,노동,2
326370,노동,2
326371,노동,2
326372,노동,2
326373,노동,2
326374,노동,2
326375,노동,2
326376,노동,2
326377,노동,2
326378,노동,2
326379,노동,2
326380,노동,2
326381,노동,2
326382,노동,2
326383,노동,2
326384,노동,2
326385,노동,2
326386,노동,2
326387,노동,2
326388,노동,2
326389,노동,2
326390,노동,2
326391,노동,2
326392,노동,2
326393,노동,2
326394,노동,2
326395,노동,2
326396,노동,2
326397,노동,2
326398,노동,2
326399,노동,2
326400,노동,2
326401,노동,2
326402,노동,2
326403,노동,2
326404,노동,2
326405,노동,2
326406,노동,2
326407,노동,2
326408,노동,2
326409,노동,2
326410,노동,2
326411,노동,2
326412,노동,2
326413,노동,2
326414,노동,2
326415,노동,2
326416,노동,2
326417,고용,1
326418,노동,2
326419,노동,2
326420,노동,2
326421,노동,2
326422,노동,2
326423,노동,2
326424,노동,2
326425,노동,2
326426,노동,2
326427,노동,2
326428,노동,2
326429,노동,2
326430,노동,2
326431,노동,2
326432,노동,2
326433,노동,2
326434,노동,2
326435,노동,2
326436,노동,2
326437,고용,1
326438,노동,2
326439,노동,2
326440,노동,2
326441,노동,2
326442,노동,2
326443,노동,2
326444,노동,2
326445,노동,2
326446,노동,2
326447,노동,2
326448,노동,2
326449,노동,2
326450,노동,2
326451,노동,2
326452,노동,2
326453,노동,2
326454,노동,2
326455,노동,2
326456,노동,2
326457,노동,2
326458,노동,2
326459,노동,2
326460,노동,2
326461,기타,4
326462,노동,2
326463,노동,2
326464,노동,2
326465,노동,2
326466,고용,1
326467,노동,2
326468,노동,2
326469,노동,2
326470,노동,2
326471,노동,2
326472,노동,2
326473,노동,2
326474,노동,2
326475,노동,2
326476,노동,2
326477,노동,2
326478,노동,2
326479,노동,2
326480,노동,2
326481,노동,2
326482,노동,2
326483,노동,2
326484,노동,2
326485,노동,2
326486,노동,2
326487,노동,2
326488,노동,2
326489,노동,2
326490,노동,2
326491,고용,1
326492,고용,1
326493,고용,1
326494,노동,2
326495,노동,2
326496,노동,2
326497,노동,2
326498,노동,2
326499,노동,2
326500,고용,1
326501,노동,2
326502,노동,2
326503,노동,2
326504,고용,1
326505,노동,2
326506,노동,2
326507,고용,1
326508,노동,2
326509,노동,2
326510,노동,2
326511,노동,2
326512,노동,2
326513,노동,2
326514,노동,2
326515,노동,2
326516,노동,2
326517,노동,2
326518,고용,1
326519,노동,2
326520,노동,2
326521,고용,1
326522,노동,2
326523,노동,2
326524,고용,1
326525,노동,2
326526,노동,2
326527,노동,2
326528,노동,2
326529,노동,2
326530,고용,1
326531,노동,2
326532,노동,2
326533,노동,2
326534,노동,2
326535,노동,2
326536,노동,2
326537,노동,2
326538,산안,3
326539,노동,2
326540,노동,2
326541,노동,2
326542,노동,2
326543,노동,2
326544,노동,2
326545,노동,2
326546,노동,2
326547,노동,2
326548,노동,2
326549,노동,2
326550,노동,2
326551,고용,1
326552,노동,2
326553,노동,2
326554,노동,2
326555,노동,2
326556,노동,2
326557,노동,2
326558,고용,1
326559,노동,2
326560,노동,2
326561,고용,1
326562,노동,2
326563,노동,2
326564,노동,2
326565,노동,2
326566,노동,2
326567,노동,2
326568,노동,2
326569,노동,2
326570,노동,2
326571,노동,2
326572,고용,1
326573,노동,2
326574,노동,2
326575,노동,2
326576,노동,2
326577,고용,1
326578,노동,2
326579,노동,2
326580,노동,2
326581,노동,2
326582,노동,2
326583,노동,2
326584,노동,2
326585,노동,2
326586,고용,1
326587,노동,2
326588,노동,2
326589,노동,2
326590,노동,2
326591,노동,2
326592,고용,1
326593,노동,2
326594,노동,2
326595,노동,2
326596,노동,2
326597,노동,2
326598,고용,1
326599,고용,1
326600,노동,2
326601,노동,2
326602,노동,2
326603,노동,2
326604,노동,2
326605,노동,2
326606,노동,2
326607,노동,2
326608,노동,2
326609,노동,2
326610,노동,2
326611,노동,2
326612,노동,2
326613,고용,1
326614,노동,2
326615,노동,2
326616,노동,2
326617,노동,2
326618,노동,2
326619,노동,2
326620,고용,1
326621,노동,2
326622,노동,2
326623,노동,2
326624,노동,2
326625,노동,2
326626,노동,2
326627,노동,2
326628,노동,2
326629,노동,2
326630,노동,2
326631,노동,2
326632,노동,2
326633,노동,2
326634,노동,2
326635,노동,2
326636,노동,2
326637,노동,2
326638,노동,2
326639,노동,2
326640,고용,1
326641,노동,2
326642,노동,2
326643,노동,2
326644,노동,2
326645,노동,2
326646,노동,2
326647,노동,2
326648,노동,2
326649,노동,2
326650,노동,2
326651,노동,2
326652,노동,2
326653,노동,2
326654,노동,2
326655,노동,2
326656,노동,2
326657,노동,2
326658,노동,2
326659,노동,2
326660,노동,2
326661,노동,2
326662,노동,2
326663,노동,2
326664,노동,2
326665,노동,2
326666,노동,2
326667,노동,2
326668,노동,2
326669,노동,2
326670,노동,2
326671,노동,2
326672,고용,1
326673,노동,2
326674,노동,2
326675,노동,2
326676,노동,2
326677,노동,2
326678,노동,2
326679,노동,2
326680,노동,2
326681,노동,2
326682,노동,2
326683,노동,2
326684,노동,2
326685,기타,4
326686,기타,4
326687,기타,4
326688,기타,4
326689,고용,1
326690,노동,2
326691,노동,2
326692,노동,2
326693,노동,2
326694,노동,2
326695,노동,2
326696,노동,2
326697,노동,2
326698,노동,2
326699,노동,2
326700,노동,2
326701,노동,2
326702,노동,2
326703,노동,2
326704,노동,2
326705,노동,2
326706,노동,2
326707,노동,2
326708,고용,1
326709,노동,2
326710,노동,2
326711,노동,2
326712,노동,2
326713,노동,2
326714,노동,2
326715,고용,1
326716,노동,2
326717,노동,2
326718,노동,2
326719,노동,2
326720,노동,2
326721,노동,2
326722,노동,2
326723,노동,2
326724,노동,2
326725,노동,2
326726,노동,2
326727,노동,2
326728,노동,2
326729,노동,2
326730,노동,2
326731,노동,2
326732,노동,2
326733,노동,2
326734,노동,2
326735,노동,2
326736,노동,2
326737,노동,2
326738,노동,2
326739,노동,2
326740,노동,2
326741,노동,2
326742,노동,2
326743,노동,2
326744,노동,2
326745,고용,1
326746,노동,2
326747,노동,2
326748,노동,2
326749,고용,1
326750,노동,2
326751,노동,2
326752,노동,2
326753,노동,2
326754,노동,2
326755,노동,2
326756,노동,2
326757,노동,2
326758,노동,2
326759,노동,2
326760,노동,2
326761,노동,2
326762,노동,2
326763,노동,2
326764,노동,2
326765,노동,2
326766,노동,2
326767,노동,2
326768,노동,2
326769,노동,2
326770,노동,2
326771,노동,2
326772,노동,2
326773,노동,2
326774,노동,2
326775,노동,2
326776,노동,2
326777,노동,2
326778,노동,2
326779,노동,2
326780,노동,2
326781,노동,2
326782,노동,2
326783,노동,2
326784,노동,2
326785,노동,2
326786,노동,2
326787,노동,2
326788,노동,2
326789,노동,2
326790,노동,2
326791,노동,2
326792,노동,2
326793,노동,2
326794,노동,2
326795,노동,2
326796,노동,2
326797,노동,2
326798,노동,2
326799,노동,2
326800,노동,2
326801,노동,2
326802,노동,2
326803,노동,2
326804,노동,2
326805,노동,2
326806,노동,2
326807,노동,2
326808,노동,2
326809,노동,2
326810,노동,2
326811,노동,2
326812,노동,2
326813,노동,2
326814,노동,2
326815,노동,2
326816,노동,2
326817,노동,2
326818,노동,2
326819,노동,2
326820,노동,2
326821,고용,1
326822,노동,2
326823,노동,2
326824,노동,2
326825,노동,2
326826,노동,2
326827,노동,2
326828,노동,2
326829,노동,2
326830,노동,2
326831,노동,2
326832,노동,2
326833,노동,2
326834,노동,2
326835,노동,2
326836,노동,2
326837,노동,2
326838,노동,2
326839,노동,2
326840,노동,2
326841,노동,2
326842,노동,2
326843,노동,2
326844,노동,2
326845,노동,2
326846,노동,2
326847,노동,2
326848,노동,2
326849,노동,2
326850,노동,2
326851,노동,2
326852,노동,2
326853,노동,2
326854,노동,2
326855,고용,1
326856,노동,2
326857,노동,2
326858,노동,2
326859,노동,2
326860,노동,2
326861,노동,2
326862,노동,2
326863,노동,2
326864,노동,2
326865,노동,2
326866,노동,2
326867,노동,2
326868,노동,2
326869,노동,2
326870,노동,2
326871,노동,2
326872,노동,2
326873,노동,2
326874,노동,2
326875,노동,2
326876,노동,2
326877,노동,2
326878,노동,2
326879,노동,2
326880,노동,2
326881,노동,2
326882,노동,2
326883,노동,2
326884,노동,2
326885,노동,2
326886,노동,2
326887,노동,2
326888,노동,2
326889,노동,2
326890,노동,2
326891,노동,2
326892,노동,2
326893,노동,2
326894,노동,2
326895,노동,2
326896,노동,2
326897,노동,2
326898,노동,2
326899,노동,2
326900,노동,2
326901,노동,2
326902,노동,2
326903,노동,2
326904,노동,2
326905,노동,2
326906,노동,2
326907,노동,2
326908,노동,2
326909,노동,2
326910,노동,2
326911,노동,2
326912,노동,2
326913,노동,2
326914,노동,2
326915,노동,2
326916,노동,2
326917,노동,2
326918,노동,2
326919,노동,2
326920,노동,2
326921,고용,1
326922,노동,2
326923,노동,2
326924,노동,2
326925,노동,2
326926,노동,2
326927,노동,2
326928,노동,2
326929,노동,2
326930,노동,2
326931,노동,2
326932,노동,2
326933,노동,2
326934,노동,2
326935,노동,2
326936,노동,2
326937,노동,2
326938,노동,2
326939,노동,2
326940,노동,2
326941,노동,2
326942,노동,2
326943,노동,2
326944,노동,2
326945,노동,2
326946,노동,2
326947,노동,2
326948,노동,2
326949,노동,2
326950,노동,2
326951,노동,2
326952,노동,2
326953,노동,2
326954,노동,2
326955,노동,2
326956,노동,2
326957,노동,2
326958,노동,2
326959,노동,2
326960,노동,2
326961,노동,2
326962,노동,2
326963,노동,2
326964,노동,2
326965,노동,2
326966,노동,2
326967,노동,2
326968,노동,2
326969,노동,2
326970,노동,2
326971,노동,2
326972,노동,2
326973,노동,2
326974,노동,2
326975,노동,2
326976,노동,2
326977,노동,2
326978,노동,2
326979,노동,2
326980,노동,2
326981,노동,2
326982,노동,2
326983,노동,2
326984,노동,2
326985,노동,2
326986,노동,2
326987,노동,2
326988,노동,2
326989,노동,2
326990,노동,2
326991,노동,2
326992,노동,2
326993,노동,2
326994,노동,2
326995,노동,2
326996,노동,2
326997,고용,1
326998,노동,2
326999,노동,2
327000,노동,2
327001,노동,2
327002,노동,2
327003,노동,2
327004,노동,2
327005,노동,2
327006,노동,2
327007,노동,2
327008,노동,2
327009,노동,2
327010,노동,2
327011,노동,2
327012,노동,2
327013,노동,2
327014,노동,2
327015,노동,2
327016,노동,2
327017,노동,2
327018,노동,2
327019,노동,2
327020,노동,2
327021,노동,2
327022,고용,1
327023,노동,2
327024,노동,2
327025,노동,2
327026,노동,2
327027,노동,2
327028,노동,2
327029,노동,2
327030,노동,2
327031,노동,2
327032,노동,2
327033,노동,2
327034,노동,2
327035,노동,2
327036,노동,2
327037,노동,2
327038,노동,2
327039,노동,2
327040,노동,2
327041,노동,2
327042,노동,2
327043,노동,2
327044,노동,2
327045,노동,2
327046,노동,2
327047,노동,2
327048,노동,2
327049,노동,2
327050,노동,2
327051,노동,2
327052,노동,2
327053,노동,2
327054,노동,2
327055,노동,2
327056,노동,2
327057,노동,2
327058,고용,1
327059,노동,2
327060,노동,2
327061,고용,1
327062,노동,2
327063,노동,2
327064,노동,2
327065,노동,2
327066,노동,2
327067,노동,2
327068,노동,2
327069,노동,2
327070,노동,2
327071,노동,2
327072,노동,2
327073,노동,2
327074,노동,2
327075,노동,2
327076,고용,1
327077,노동,2
327078,노동,2
327079,노동,2
327080,노동,2
327081,노동,2
327082,노동,2
327083,노동,2
327084,노동,2
327085,노동,2
327086,노동,2
327087,노동,2
327088,노동,2
327089,노동,2
327090,노동,2
327091,노동,2
327092,노동,2
327093,노동,2
327094,노동,2
327095,노동,2
327096,노동,2
327097,노동,2
327098,노동,2
327099,노동,2
327100,노동,2
327101,노동,2
327102,노동,2
327103,노동,2
327104,노동,2
327105,노동,2
327106,노동,2
327107,노동,2
327108,노동,2
327109,노동,2
327110,노동,2
327111,노동,2
327112,노동,2
327113,노동,2
327114,노동,2
327115,노동,2
327116,노동,2
327117,노동,2
327118,노동,2
327119,노동,2
327120,노동,2
327121,노동,2
327122,노동,2
327123,노동,2
327124,고용,1
327125,노동,2
327126,노동,2
327127,노동,2
327128,노동,2
327129,노동,2
327130,노동,2
327131,노동,2
327132,노동,2
327133,노동,2
327134,노동,2
327135,노동,2
327136,노동,2
327137,고용,1
327138,노동,2
327139,노동,2
327140,노동,2
327141,노동,2
327142,노동,2
327143,노동,2
327144,노동,2
327145,고용,1
327146,노동,2
327147,노동,2
327148,노동,2
327149,노동,2
327150,노동,2
327151,노동,2
327152,노동,2
327153,노동,2
327154,노동,2
327155,노동,2
327156,노동,2
327157,노동,2
327158,노동,2
327159,고용,1
327160,노동,2
327161,노동,2
327162,노동,2
327163,노동,2
327164,노동,2
327165,노동,2
327166,노동,2
327167,노동,2
327168,노동,2
327169,노동,2
327170,노동,2
327171,노동,2
327172,노동,2
327173,노동,2
327174,노동,2
327175,노동,2
327176,노동,2
327177,노동,2
327178,고용,1
327179,노동,2
327180,노동,2
327181,노동,2
327182,노동,2
327183,노동,2
327184,노동,2
327185,노동,2
327186,노동,2
327187,노동,2
327188,노동,2
327189,노동,2
327190,노동,2
327191,노동,2
327192,노동,2
327193,노동,2
327194,노동,2
327195,노동,2
327196,고용,1
327197,노동,2
327198,노동,2
327199,노동,2
327200,기타,4
327201,노동,2
327202,노동,2
327203,노동,2
327204,노동,2
327205,노동,2
327206,노동,2
327207,노동,2
327208,노동,2
327209,노동,2
327210,노동,2
327211,노동,2
327212,노동,2
327213,노동,2
327214,노동,2
327215,노동,2
327216,노동,2
327217,노동,2
327218,노동,2
327219,노동,2
327220,노동,2
327221,고용,1
327222,노동,2
327223,노동,2
327224,노동,2
327225,노동,2
327226,노동,2
327227,노동,2
327228,노동,2
327229,노동,2
327230,노동,2
327231,노동,2
327232,고용,1
327233,노동,2
327234,고용,1
327235,노동,2
327236,노동,2
327237,노동,2
327238,노동,2
327239,노동,2
327240,노동,2
327241,노동,2
327242,노동,2
327243,노동,2
327244,노동,2
327245,노동,2
327246,고용,1
327247,고용,1
327248,노동,2
327249,노동,2
327250,노동,2
327251,고용,1
327252,노동,2
327253,고용,1
327254,노동,2
327255,노동,2
327256,노동,2
327257,노동,2
327258,노동,2
327259,노동,2
327260,노동,2
327261,노동,2
327262,노동,2
327263,노동,2
327264,노동,2
327265,노동,2
327266,노동,2
327267,노동,2
327268,노동,2
327269,노동,2
327270,노동,2
327271,노동,2
327272,노동,2
327273,노동,2
327274,노동,2
327275,노동,2
327276,노동,2
327277,노동,2
327278,노동,2
327279,노동,2
327280,노동,2
327281,노동,2
327282,노동,2
327283,노동,2
327284,노동,2
327285,노동,2
327286,노동,2
327287,노동,2
327288,노동,2
327289,노동,2
327290,노동,2
327291,노동,2
327292,노동,2
327293,노동,2
327294,노동,2
327295,노동,2
327296,노동,2
327297,노동,2
327298,노동,2
327299,노동,2
327300,노동,2
327301,노동,2
327302,노동,2
327303,노동,2
327304,노동,2
327305,노동,2
327306,노동,2
327307,노동,2
327308,노동,2
327309,노동,2
327310,노동,2
327311,노동,2
327312,노동,2
327313,노동,2
327314,노동,2
327315,노동,2
327316,노동,2
327317,노동,2
327318,노동,2
327319,노동,2
327320,노동,2
327321,노동,2
327322,노동,2
327323,노동,2
327324,노동,2
327325,노동,2
327326,노동,2
327327,노동,2
327328,노동,2
327329,노동,2
327330,노동,2
327331,노동,2
327332,노동,2
327333,노동,2
327334,노동,2
327335,노동,2
327336,노동,2
327337,노동,2
327338,고용,1
327339,고용,1
327340,노동,2
327341,노동,2
327342,노동,2
327343,노동,2
327344,노동,2
327345,노동,2
327346,노동,2
327347,노동,2
327348,고용,1
327349,노동,2
327350,고용,1
327351,노동,2
327352,노동,2
327353,고용,1
327354,고용,1
327355,노동,2
327356,노동,2
327357,노동,2
327358,노동,2
327359,노동,2
327360,노동,2
327361,노동,2
327362,노동,2
327363,노동,2
327364,노동,2
327365,노동,2
327366,노동,2
327367,노동,2
327368,노동,2
327369,고용,1
327370,노동,2
327371,노동,2
327372,노동,2
327373,노동,2
327374,노동,2
327375,노동,2
327376,노동,2
327377,노동,2
327378,노동,2
327379,노동,2
327380,노동,2
327381,노동,2
327382,노동,2
327383,노동,2
327384,노동,2
327385,노동,2
327386,고용,1
327387,노동,2
327388,노동,2
327389,노동,2
327390,노동,2
327391,노동,2
327392,노동,2
327393,노동,2
327394,노동,2
327395,노동,2
327396,노동,2
327397,노동,2
327398,노동,2
327399,노동,2
327400,노동,2
327401,노동,2
327402,노동,2
327403,노동,2
327404,노동,2
327405,고용,1
327406,노동,2
327407,노동,2
327408,노동,2
327409,노동,2
327410,노동,2
327411,노동,2
327412,노동,2
327413,노동,2
327414,노동,2
327415,노동,2
327416,노동,2
327417,노동,2
327418,노동,2
327419,노동,2
327420,노동,2
327421,노동,2
327422,노동,2
327423,노동,2
327424,노동,2
327425,노동,2
327426,노동,2
327427,노동,2
327428,노동,2
327429,노동,2
327430,노동,2
327431,노동,2
327432,노동,2
327433,노동,2
327434,노동,2
327435,노동,2
327436,노동,2
327437,노동,2
327438,고용,1
327439,고용,1
327440,고용,1
327441,노동,2
327442,노동,2
327443,노동,2
327444,노동,2
327445,고용,1
327446,고용,1
327447,노동,2
327448,노동,2
327449,노동,2
327450,노동,2
327451,노동,2
327452,노동,2
327453,노동,2
327454,노동,2
327455,노동,2
327456,노동,2
327457,노동,2
327458,노동,2
327459,노동,2
327460,노동,2
327461,노동,2
327462,노동,2
327463,노동,2
327464,노동,2
327465,노동,2
327466,노동,2
327467,노동,2
327468,노동,2
327469,노동,2
327470,노동,2
327471,노동,2
327472,노동,2
327473,노동,2
327474,노동,2
327475,노동,2
327476,노동,2
327477,노동,2
327478,노동,2
327479,노동,2
327480,노동,2
327481,노동,2
327482,노동,2
327483,노동,2
327484,노동,2
327485,노동,2
327486,노동,2
327487,노동,2
327488,노동,2
327489,노동,2
327490,노동,2
327491,노동,2
327492,노동,2
327493,노동,2
327494,노동,2
327495,노동,2
327496,노동,2
327497,노동,2
327498,노동,2
327499,노동,2
327500,노동,2
327501,노동,2
327502,노동,2
327503,노동,2
327504,고용,1
327505,노동,2
327506,노동,2
327507,노동,2
327508,노동,2
327509,노동,2
327510,노동,2
327511,노동,2
327512,노동,2
327513,노동,2
327514,노동,2
327515,노동,2
327516,노동,2
327517,노동,2
327518,노동,2
327519,노동,2
327520,노동,2
327521,노동,2
327522,노동,2
327523,노동,2
327524,노동,2
327525,노동,2
327526,노동,2
327527,노동,2
327528,노동,2
327529,노동,2
327530,노동,2
327531,노동,2
327532,노동,2
327533,노동,2
327534,고용,1
327535,노동,2
327536,노동,2
327537,노동,2
327538,노동,2
327539,노동,2
327540,노동,2
327541,노동,2
327542,노동,2
327543,노동,2
327544,노동,2
327545,노동,2
327546,노동,2
327547,노동,2
327548,노동,2
327549,노동,2
327550,노동,2
327551,노동,2
327552,노동,2
327553,고용,1
327554,노동,2
327555,노동,2
327556,노동,2
327557,노동,2
327558,노동,2
327559,노동,2
327560,고용,1
327561,노동,2
327562,노동,2
327563,노동,2
327564,노동,2
327565,노동,2
327566,노동,2
327567,노동,2
327568,노동,2
327569,노동,2
327570,노동,2
327571,노동,2
327572,노동,2
327573,노동,2
327574,노동,2
327575,노동,2
327576,노동,2
327577,노동,2
327578,노동,2
327579,노동,2
327580,노동,2
327581,노동,2
327582,노동,2
327583,노동,2
327584,노동,2
327585,노동,2
327586,노동,2
327587,노동,2
327588,노동,2
327589,노동,2
327590,노동,2
327591,노동,2
327592,노동,2
327593,노동,2
327594,노동,2
327595,노동,2
327596,노동,2
327597,노동,2
327598,노동,2
327599,산안,3
327600,노동,2
327601,노동,2
327602,노동,2
327603,노동,2
327604,노동,2
327605,고용,1
327606,노동,2
327607,노동,2
327608,노동,2
327609,노동,2
327610,노동,2
327611,노동,2
327612,노동,2
327613,노동,2
327614,노동,2
327615,노동,2
327616,노동,2
327617,노동,2
327618,노동,2
327619,노동,2
327620,노동,2
327621,노동,2
327622,노동,2
327623,노동,2
327624,노동,2
327625,노동,2
327626,노동,2
327627,노동,2
327628,노동,2
327629,노동,2
327630,노동,2
327631,노동,2
327632,노동,2
327633,노동,2
327634,노동,2
327635,노동,2
327636,노동,2
327637,노동,2
327638,노동,2
327639,노동,2
327640,노동,2
327641,노동,2
327642,노동,2
327643,노동,2
327644,노동,2
327645,노동,2
327646,노동,2
327647,노동,2
327648,노동,2
327649,노동,2
327650,노동,2
327651,노동,2
327652,노동,2
327653,노동,2
327654,노동,2
327655,노동,2
327656,노동,2
327657,노동,2
327658,노동,2
327659,노동,2
327660,노동,2
327661,노동,2
327662,노동,2
327663,노동,2
327664,노동,2
327665,노동,2
327666,노동,2
327667,노동,2
327668,노동,2
327669,노동,2
327670,노동,2
327671,노동,2
327672,노동,2
327673,노동,2
327674,노동,2
327675,노동,2
327676,노동,2
327677,노동,2
327678,노동,2
327679,노동,2
327680,노동,2
327681,노동,2
327682,노동,2
327683,노동,2
327684,노동,2
327685,노동,2
327686,노동,2
327687,노동,2
327688,노동,2
327689,노동,2
327690,노동,2
327691,노동,2
327692,산안,3
327693,노동,2
327694,노동,2
327695,노동,2
327696,노동,2
327697,노동,2
327698,노동,2
327699,노동,2
327700,노동,2
327701,노동,2
327702,노동,2
327703,노동,2
327704,노동,2
327705,노동,2
327706,노동,2
327707,노동,2
327708,노동,2
327709,노동,2
327710,노동,2
327711,노동,2
327712,노동,2
327713,노동,2
327714,노동,2
327715,노동,2
327716,노동,2
327717,노동,2
327718,노동,2
327719,노동,2
327720,노동,2
327721,노동,2
327722,노동,2
327723,노동,2
327724,노동,2
327725,노동,2
327726,노동,2
327727,노동,2
327728,노동,2
327729,노동,2
327730,노동,2
327731,노동,2
327732,노동,2
327733,노동,2
327734,고용,1
327735,노동,2
327736,고용,1
327737,노동,2
327738,노동,2
327739,노동,2
327740,노동,2
327741,노동,2
327742,노동,2
327743,노동,2
327744,노동,2
327745,노동,2
327746,고용,1
327747,노동,2
327748,노동,2
327749,노동,2
327750,노동,2
327751,노동,2
327752,노동,2
327753,노동,2
327754,노동,2
327755,노동,2
327756,노동,2
327757,노동,2
327758,노동,2
327759,노동,2
327760,노동,2
327761,노동,2
327762,노동,2
327763,노동,2
327764,노동,2
327765,노동,2
327766,노동,2
327767,노동,2
327768,노동,2
327769,노동,2
327770,노동,2
327771,노동,2
327772,노동,2
327773,노동,2
327774,노동,2
327775,노동,2
327776,노동,2
327777,노동,2
327778,노동,2
327779,노동,2
327780,노동,2
327781,노동,2
327782,고용,1
327783,노동,2
327784,노동,2
327785,노동,2
327786,노동,2
327787,노동,2
327788,노동,2
327789,노동,2
327790,노동,2
327791,노동,2
327792,노동,2
327793,고용,1
327794,노동,2
327795,노동,2
327796,노동,2
327797,고용,1
327798,노동,2
327799,노동,2
327800,고용,1
327801,노동,2
327802,노동,2
327803,노동,2
327804,노동,2
327805,노동,2
327806,노동,2
327807,노동,2
327808,노동,2
327809,노동,2
327810,노동,2
327811,노동,2
327812,노동,2
327813,노동,2
327814,노동,2
327815,노동,2
327816,노동,2
327817,노동,2
327818,노동,2
327819,노동,2
327820,노동,2
327821,노동,2
327822,고용,1
327823,노동,2
327824,노동,2
327825,노동,2
327826,노동,2
327827,노동,2
327828,노동,2
327829,노동,2
327830,노동,2
327831,노동,2
327832,노동,2
327833,노동,2
327834,노동,2
327835,노동,2
327836,노동,2
327837,노동,2
327838,노동,2
327839,노동,2
327840,노동,2
327841,노동,2
327842,노동,2
327843,노동,2
327844,노동,2
327845,노동,2
327846,노동,2
327847,노동,2
327848,노동,2
327849,노동,2
327850,노동,2
327851,노동,2
327852,노동,2
327853,노동,2
327854,노동,2
327855,노동,2
327856,노동,2
327857,노동,2
327858,노동,2
327859,노동,2
327860,노동,2
327861,노동,2
327862,노동,2
327863,노동,2
327864,노동,2
327865,노동,2
327866,노동,2
327867,노동,2
327868,노동,2
327869,노동,2
327870,노동,2
327871,노동,2
327872,노동,2
327873,노동,2
327874,노동,2
327875,노동,2
327876,노동,2
327877,노동,2
327878,노동,2
327879,노동,2
327880,노동,2
327881,노동,2
327882,노동,2
327883,노동,2
327884,노동,2
327885,노동,2
327886,노동,2
327887,노동,2
327888,노동,2
327889,노동,2
327890,노동,2
327891,노동,2
327892,노동,2
327893,노동,2
327894,노동,2
327895,노동,2
327896,노동,2
327897,노동,2
327898,노동,2
327899,노동,2
327900,노동,2
327901,노동,2
327902,노동,2
327903,노동,2
327904,노동,2
327905,노동,2
327906,노동,2
327907,노동,2
