기관코드,전체기관명,최하위기관명,차수,서열,소속기관차수,차상위기관코드,최상위기관코드,대표기관코드,유형분류_대,유형분류_중,유형분류_소,우편번호,행정동코드,소재지코드,나머지주소,지번,전화번호,팩스번호,생성일자,폐지일자,변경일자,존폐여부,이전기관코드
1492000,고용노동부,고용노동부,1.0,28.0,0.0,0,1492000,1492000,1.0,1.0,01,,,,,,,,20100705,,20191018.0,0,
1492001,고용노동부 장관,장관,2.0,1.0,0.0,1492000,1492000,1492000,1.0,2.0,01,,,,,,,,20100705,,20201229.0,0,
1492002,고용노동부 차관,차관,2.0,3.0,0.0,1492000,1492000,1492000,1.0,4.0,01,,,,,,,,20100705,,20221212.0,0,
1492006,고용노동부 감사관,감사관,2.0,5.0,0.0,1492000,1492000,1492000,1.0,5.0,28,,,,,,,,20100705,,20221212.0,0,
1492130,고용노동부 중앙노동위원회,중앙노동위원회,2.0,18.0,1.0,1492000,1492000,1492000,1.0,6.0,01,30117.0,,1144010200,"정부세종청사 11동 3,4층",003700004,3273-1530,3273-1534,20100705,,20171220.0,0,
1492140,고용노동부 서울지방노동위원회,서울지방노동위원회,2.0,19.0,1.0,1492000,1492000,1492000,1.0,6.0,01,7295.0,,1168010800,서울지방노동위원회,000710000,541-1190,541-1198,20100705,,20171220.0,0,
1492141,고용노동부 서울지방노동위원회 사무국,사무국,3.0,1.0,1.0,1492140,1492000,1492000,1.0,10.0,01,7295.0,,1168010800,서울지방노동위원회,000710000,541-1191,541-1198,20100705,,20171220.0,0,
1492142,고용노동부 서울지방노동위원회 사무국 조정과,조정과,4.0,1.0,1.0,1492141,1492000,1492000,1.0,4.0,07,7295.0,,1168010800,서울지방노동위원회,000710000,541-1192,541-1198,20100705,,20171220.0,0,
1492154,고용노동부 부산지방노동위원회,부산지방노동위원회,2.0,20.0,1.0,1492000,1492000,1492000,1.0,6.0,01,46332.0,,2617010100,부산지방노동위원회,011540006,051-462-9508,051-464-8402,20100705,,20171220.0,0,
1492155,고용노동부 부산지방노동위원회 사무국,사무국,3.0,1.0,1.0,1492154,1492000,1492000,1.0,10.0,01,46332.0,,2617010100,부산지방노동위원회,011540006,051-469-4009,051-464-8402,20100705,,20171220.0,0,
1492156,고용노동부 부산지방노동위원회 사무국 조정과,조정과,4.0,1.0,1.0,1492155,1492000,1492000,1.0,4.0,07,46332.0,,2617010100,부산지방노동위원회,011540006,051-462-9504,051-464-8402,20100705,,20171220.0,0,
1492157,고용노동부 부산지방노동위원회 사무국 심판과,심판과,4.0,3.0,1.0,1492155,1492000,1492000,1.0,4.0,07,46332.0,,2617010100,부산지방노동위원회,011540006,051-462-9509,051-464-8402,20100705,,20171220.0,0,
1492162,고용노동부 인천지방노동위원회,인천지방노동위원회,2.0,26.0,1.0,1492000,1492000,1492000,1.0,6.0,01,22149.0,,2811012100,6층 인천지방노동위원회,000030003,032-761-2053,032-763-3661,20100705,,20171220.0,0,
1492163,고용노동부 인천지방노동위원회 사무국,사무국,3.0,1.0,1.0,1492162,1492000,1492000,1.0,10.0,01,22149.0,,2811012100,,000030003,032-761-2053,032-763-3661,20100705,,20171220.0,0,
1492168,고용노동부 경기지방노동위원회,경기지방노동위원회,2.0,21.0,1.0,1492000,1492000,1492000,1.0,6.0,01,16360.0,,4111111800,4층 경기지방노동위원회,000800021,031-258 - 8305,031-252-3023,20100705,,20171220.0,0,
1492169,고용노동부 경기지방노동위원회 사무국,사무국,3.0,1.0,1.0,1492168,1492000,1492000,1.0,10.0,01,16360.0,,4111111800,경기지방노동위원회,000800021,031-258-8300,031-252-3023,20100705,,20171220.0,0,
1492170,고용노동부 경기지방노동위원회 사무국 조정과,조정과,4.0,1.0,1.0,1492169,1492000,1492000,1.0,4.0,07,16360.0,,4111111800,경기지방노동위원회,000800021,0331-258-8302,0331-252-3023,20100705,,20171220.0,0,
1492174,고용노동부 강원지방노동위원회,강원지방노동위원회,2.0,27.0,1.0,1492000,1492000,1492000,1.0,6.0,01,24233.0,,4211011200,3층 강원지방노동위원회,005130003,0361-254-2074,0361-256-0362,20100705,,20171220.0,0,
1492175,고용노동부 강원지방노동위원회 사무국,사무국,3.0,1.0,1.0,1492174,1492000,1492000,1.0,10.0,01,24233.0,,4211012100,,005130003,0361-254-2074,0361-256-0362,20100705,,20171220.0,0,
1492178,고용노동부 충북지방노동위원회,충북지방노동위원회,2.0,29.0,1.0,1492000,1492000,1492000,1.0,6.0,01,28798.0,,4311110700,5층 충북지방노동위원회,000690004,0431-255-6994,0431-252-0051,20100705,,20171220.0,0,
1492179,고용노동부 충북지방노동위원회 사무국,사무국,3.0,1.0,1.0,1492178,1492000,1492000,1.0,10.0,01,28798.0,,4311110700,,000690004,0431-255-6994,0431-252-0051,20100705,,20171220.0,0,
1492184,고용노동부 충남지방노동위원회,충남지방노동위원회,2.0,22.0,1.0,1492000,1492000,1492000,1.0,6.0,01,35208.0,,3017011200,2동 12층 충남지방노동위원회,013030000,042-483-3180,042-483-3184,20100705,,20171220.0,0,
1492185,고용노동부 충남지방노동위원회 사무국,사무국,3.0,1.0,1.0,1492184,1492000,1492000,1.0,10.0,01,35208.0,,3017011200,,013030000,042-483-3181,042-483-3184,20100705,,20171220.0,0,
1492186,고용노동부 충남지방노동위원회 사무국 조정과,조정과,4.0,1.0,1.0,1492185,1492000,1492000,1.0,4.0,07,35208.0,,3017011200,,013030000,042-483-3182,042-483-3184,20100705,,20171220.0,0,
1492187,고용노동부 충남지방노동위원회 사무국 심판과,심판과,4.0,2.0,1.0,1492185,1492000,1492000,1.0,4.0,07,35208.0,,3017011200,,013030000,042-483-3183,042-483-3184,20100705,,20171220.0,0,
1492190,고용노동부 전북지방노동위원회,전북지방노동위원회,2.0,30.0,1.0,1492000,1492000,1492000,1.0,6.0,01,55014.0,,4511110500,전북지방노동위원회,001040032,0652-246-1502,0652-246-1504,20100705,,20171220.0,0,
1492191,고용노동부 전북지방노동위원회 사무국,사무국,3.0,1.0,1.0,1492190,1492000,1492000,1.0,10.0,01,55014.0,,4511110500,,001040032,0652-246-1502,0652-246-1504,20100705,,20171220.0,0,
1492194,고용노동부 전남지방노동위원회,전남지방노동위원회,2.0,23.0,1.0,1492000,1492000,1492000,1.0,6.0,01,61011.0,,2917010500,저층부 7층,000010003,062-526-4271,062-526-4273,20100705,,20171220.0,0,
1492195,고용노동부 전남지방노동위원회 사무국,사무국,3.0,1.0,1.0,1492194,1492000,1492000,1.0,10.0,01,61011.0,,2917010500,,000010003,062-526-4272,062-526-4273,20100705,,20171220.0,0,
1492196,고용노동부 전남지방노동위원회 사무국 조정과,조정과,4.0,1.0,1.0,1492195,1492000,1492000,1.0,4.0,07,61011.0,,2917010500,,000010003,062-522-4242,062-526-4273,20100705,,20171220.0,0,
1492197,고용노동부 전남지방노동위원회 사무국 심판과,심판과,4.0,2.0,1.0,1492195,1492000,1492000,1.0,4.0,07,61011.0,,2917010500,,000010003,062-522-4242,062-526-4273,20100705,,20171220.0,0,
1492202,고용노동부 경북지방노동위원회,경북지방노동위원회,2.0,24.0,1.0,1492000,1492000,1492000,1.0,6.0,01,42140.0,,2714010200,경북지방노동위원회,003000012,053-752-9701,,20100705,,20171220.0,0,
1492203,고용노동부 경북지방노동위원회 사무국,사무국,3.0,1.0,1.0,1492202,1492000,1492000,1.0,10.0,01,42140.0,,2714010200,,003000012,053-752-9791,053-752-2314,20100705,,20171220.0,0,
1492204,고용노동부 경북지방노동위원회 사무국 조정과,조정과,4.0,1.0,1.0,1492203,1492000,1492000,1.0,4.0,07,42140.0,,2714010200,,003000012,053-752-8247,053-752-2314,20100705,,20171220.0,0,
1492205,고용노동부 경북지방노동위원회 사무국 심판과,심판과,4.0,3.0,1.0,1492203,1492000,1492000,1.0,4.0,07,42140.0,,2714010200,,003000012,053-752-8248,053-752-2314,20100705,,20171220.0,0,
1492210,고용노동부 경남지방노동위원회,경남지방노동위원회,2.0,25.0,1.0,1492000,1492000,1492000,1.0,6.0,01,51393.0,,4811015300,10층 경남지방노동위원회,000730006,051-62-5081,051-81-9069,20100705,,20171220.0,0,
1492211,고용노동부 경남지방노동위원회 사무국,사무국,3.0,1.0,1.0,1492210,1492000,1492000,1.0,10.0,01,51393.0,,4811015300,,000730006,0551-283-6779,0551-281-9069,20100705,,20171220.0,0,
1492212,고용노동부 경남지방노동위원회 사무국 조정과,조정과,4.0,1.0,1.0,1492211,1492000,1492000,1.0,4.0,07,51393.0,,4811015300,,000730006,0551-266-1744,0551-281-9069,20100705,,20171220.0,0,
1492213,고용노동부 경남지방노동위원회 사무국 심판과,심판과,4.0,2.0,1.0,1492211,1492000,1492000,1.0,4.0,07,51393.0,,4811015300,,000730006,0551-266-1744,0551-281-9069,20100705,,20171220.0,0,
1492865,고용노동부 최저임금위원회,최저임금위원회,2.0,31.0,1.0,1492000,1492000,1492000,1.0,12.0,03,,,,,,,,20100705,,20190705.0,0,
1492866,고용노동부 최저임금위원회 사무국,사무국,3.0,2.0,1.0,1492865,1492000,1492000,1.0,6.0,03,,,,,,,,20100705,,20190705.0,0,
1492867,고용노동부 기획조정실 정책기획관 양성평등정책담당관,양성평등정책담당관,4.0,4.0,0.0,1493639,1492000,1492000,1.0,5.0,30,,,,,,,,20190507,,20190502.0,0,
1492873,고용노동부 서울지방노동위원회 사무국 심판3과,심판3과,4.0,5.0,1.0,1492141,1492000,1492000,1.0,4.0,07,,,,,,,,20200630,,20200625.0,0,
1492877,고용노동부 중부지방고용노동청 인천고용센터 취업지원총괄과,취업지원총괄과,4.0,1.0,1.0,1494420,1492000,1492000,1.0,4.0,07,,,,,,,,20210101,,20201230.0,0,
1492878,고용노동부 부산지방고용노동청 부산고용센터 취업지원총괄과,취업지원총괄과,4.0,1.0,1.0,1494124,1492000,1492000,1.0,4.0,07,,,,,,,,20210101,,20201230.0,0,
1492879,고용노동부 대구지방고용노동청 대구고용센터 취업지원총괄과,취업지원총괄과,4.0,1.0,1.0,1494525,1492000,1492000,1.0,4.0,07,,,,,,,,20210101,,20201230.0,0,
1492880,고용노동부 서울지방고용노동청 서울고용센터 취업지원총괄과,취업지원총괄과,4.0,1.0,1.0,1493945,1492000,1492000,1.0,4.0,07,,,,,,,,20210101,,20201230.0,0,
1492881,고용노동부 광주지방고용노동청 광주고용센터 취업지원총괄과,취업지원총괄과,4.0,1.0,1.0,1494354,1492000,1492000,1.0,4.0,07,,,,,,,,20210101,,20201230.0,0,
1492882,고용노동부 대전지방고용노동청 대전고용센터 취업지원총괄과,취업지원총괄과,4.0,1.0,1.0,1494543,1492000,1492000,1.0,4.0,07,,,,,,,,20210101,,20201230.0,0,
1492883,고용노동부 서울지방고용노동청 서울고용센터 국민취업지원과,국민취업지원과,4.0,3.0,1.0,1493945,1492000,1492000,1.0,4.0,07,,,,,,,,20210101,,20201230.0,0,
1492886,고용노동부 대구지방고용노동청 대구고용센터 국민취업지원과,국민취업지원과,4.0,3.0,1.0,1494525,1492000,1492000,1.0,4.0,07,,,,,,,,20210101,,20201230.0,0,
1492887,고용노동부 부산지방고용노동청 부산고용센터 국민취업지원과,국민취업지원과,4.0,3.0,1.0,1494124,1492000,1492000,1.0,4.0,07,,,,,,,,20210101,,20201230.0,0,
1492888,고용노동부 대전지방고용노동청 대전고용센터 국민취업지원과,국민취업지원과,4.0,3.0,1.0,1494543,1492000,1492000,1.0,4.0,07,,,,,,,,20210101,,20201230.0,0,
1492889,고용노동부 고용정책실 고용서비스정책관 국민취업지원기획팀,국민취업지원기획팀,4.0,5.0,0.0,1493724,1492000,1492000,1.0,4.0,07,,,,,,,,20210101,,20231128.0,0,
1492894,고용노동부 서울지방고용노동청 근로문화개선지원과,근로문화개선지원과,3.0,7.0,1.0,1493944,1492000,1492000,1.0,4.0,07,,,,,,,,20210225,,20210218.0,0,
1492898,고용노동부 서울지방고용노동청 서울강남지청 근로문화개선지원과,근로문화개선지원과,4.0,4.0,2.0,1493957,1492000,1492000,1.0,4.0,07,,,,,,,,20210225,,20210218.0,0,
1492899,고용노동부 대전지방고용노동청 천안지청 근로문화개선지원과,근로문화개선지원과,4.0,4.0,2.0,1494401,1492000,1492000,1.0,4.0,07,,,,,,,,20210225,,20210218.0,0,
1492900,고용노동부 부산지방고용노동청 창원지청 근로문화개선지원과,근로문화개선지원과,4.0,5.0,2.0,1494244,1492000,1492000,1.0,4.0,07,,,,,,,,20210225,,20210218.0,0,
1492901,고용노동부 부산지방고용노동청 울산지청 근로문화개선지원과,근로문화개선지원과,4.0,5.0,2.0,1494254,1492000,1492000,1.0,4.0,07,,,,,,,,20210225,,20210218.0,0,
1492902,고용노동부 중부지방고용노동청 성남지청 근로문화개선지원과,근로문화개선지원과,4.0,6.0,2.0,1494499,1492000,1492000,1.0,4.0,07,,,,,,,,20210225,,20210218.0,0,
1492903,고용노동부 중부지방고용노동청 경기지청 근로문화개선지원과,근로문화개선지원과,4.0,7.0,2.0,1494648,1492000,1492000,1.0,4.0,07,,,,,,,,20210225,,20210218.0,0,
1492908,고용노동부 서울지방고용노동청 서울북부지청 강북성북고용센터,강북성북고용센터,4.0,2.0,2.0,1493996,1492000,1492000,1.0,4.0,07,,,,,,,,20210601,,20221212.0,0,
1492909,고용노동부 서울지방고용노동청 서울동부지청 성동광진고용센터,성동광진고용센터,4.0,2.0,2.0,1493970,1492000,1492000,1.0,4.0,07,,,,,,,,20210601,,20221212.0,0,
1492910,고용노동부 산업안전보건본부,산업안전보건본부,2.0,15.0,0.0,1492000,1492000,1492000,1.0,4.0,03,,,,,,,,20210701,,20221012.0,0,
1492911,고용노동부 산업안전보건본부 산업안전보건정책관,산업안전보건정책관,3.0,1.0,0.0,1492910,1492000,1492000,1.0,5.0,28,,,,,,,,20210701,,20230516.0,0,
1492912,고용노동부 산업안전보건본부 산재예방감독정책관,산재예방감독정책관,3.0,2.0,0.0,1492910,1492000,1492000,1.0,5.0,28,,,,,,,,20210701,,20230516.0,0,
1492915,고용노동부 부산지방고용노동청 건설산재지도과,건설산재지도과,3.0,12.0,1.0,1494123,1492000,1492000,1.0,4.0,07,,,,,,,,20210701,,20221212.0,0,
1492917,고용노동부 중부지방고용노동청 건설산재지도과,건설산재지도과,3.0,11.0,1.0,1494419,1492000,1492000,1.0,4.0,07,,,,,,,,20210701,,20210624.0,0,
1492921,고용노동부 서울지방고용노동청 건설산재지도과,건설산재지도과,3.0,13.0,1.0,1493944,1492000,1492000,1.0,4.0,07,,,,,,,,20210701,,20210624.0,0,
1492922,고용노동부 광주지방고용노동청 제주산재예방지도팀,제주산재예방지도팀,3.0,13.0,1.0,1494162,1492000,1492000,1.0,4.0,07,,,,,,,,20210701,,20210624.0,0,
1492923,고용노동부 대전지방고용노동청 건설산재지도과,건설산재지도과,3.0,14.0,1.0,1494163,1492000,1492000,1.0,4.0,07,,,,,,,,20210701,,20210624.0,0,
1492924,고용노동부 대구지방고용노동청 건설산재지도과,건설산재지도과,3.0,14.0,1.0,1494137,1492000,1492000,1.0,4.0,07,,,,,,,,20210701,,20210624.0,0,
1492925,고용노동부 광주지방고용노동청 건설산재지도과,건설산재지도과,3.0,14.0,1.0,1494162,1492000,1492000,1.0,4.0,07,,,,,,,,20210701,,20210624.0,0,
1492926,고용노동부 산업안전보건본부 산재예방감독정책관 안전보건감독기획과,안전보건감독기획과,4.0,1.0,0.0,1492912,1492000,1492000,1.0,4.0,07,,,,,,,,20210701,,20210624.0,0,
1492927,고용노동부 산업안전보건본부 산업안전보건정책관 산업안전보건정책과,산업안전보건정책과,4.0,1.0,0.0,1492911,1492000,1492000,1.0,4.0,07,,,,,,,,20210701,,20210624.0,0,
1492928,고용노동부 산업안전보건본부 산업안전보건정책관 산재보상정책과,산재보상정책과,4.0,2.0,0.0,1492911,1492000,1492000,1.0,4.0,07,,,,,,,,20210701,,20210624.0,0,
1492929,고용노동부 산업안전보건본부 산재예방감독정책관 산재예방지원과,산재예방지원과,4.0,2.0,0.0,1492912,1492000,1492000,1.0,4.0,07,,,,,,,,20210701,,20210624.0,0,
1492930,고용노동부 산업안전보건본부 산업안전보건정책관 산업안전기준과,산업안전기준과,4.0,3.0,0.0,1492911,1492000,1492000,1.0,4.0,07,,,,,,,,20210701,,20210624.0,0,
1492931,고용노동부 산업안전보건본부 산재예방감독정책관 건설산재예방정책과,건설산재예방정책과,4.0,3.0,0.0,1492912,1492000,1492000,1.0,4.0,07,,,,,,,,20210701,,20210624.0,0,
1492932,고용노동부 대전지방고용노동청 서산출장소 산재예방지도팀,산재예방지도팀,4.0,4.0,2.0,1494939,1492000,1492000,1.0,4.0,07,,,,,,,,20210701,,20210624.0,0,
1492933,고용노동부 산업안전보건본부 산재예방감독정책관 중대산업재해감독과,중대산업재해감독과,4.0,4.0,0.0,1492912,1492000,1492000,1.0,4.0,07,,,,,,,,20210701,,20210624.0,0,
1492934,고용노동부 산업안전보건본부 산업안전보건정책관 산업보건기준과,산업보건기준과,4.0,4.0,0.0,1492911,1492000,1492000,1.0,4.0,07,,,,,,,,20210701,,20210624.0,0,
1492935,고용노동부 산업안전보건본부 산업안전보건정책관 직업건강증진팀,직업건강증진팀,4.0,5.0,0.0,1492911,1492000,1492000,1.0,4.0,07,,,,,,,,20210701,,20240607.0,0,
1492936,고용노동부 산업안전보건본부 산재예방감독정책관 화학사고예방과,화학사고예방과,4.0,5.0,0.0,1492912,1492000,1492000,1.0,4.0,07,,,,,,,,20210701,,20210624.0,0,
1492937,고용노동부 대전지방고용노동청 천안지청 건설산재지도과,건설산재지도과,4.0,8.0,2.0,1494401,1492000,1492000,1.0,4.0,07,,,,,,,,20210701,,20240607.0,0,
1492938,고용노동부 부산지방고용노동청 울산지청 건설산재지도과,건설산재지도과,4.0,8.0,2.0,1494254,1492000,1492000,1.0,4.0,07,,,,,,,,20210701,,20210624.0,0,
1492939,고용노동부 대구지방고용노동청 포항지청 건설산재지도과,건설산재지도과,4.0,9.0,2.0,1494158,1492000,1492000,1.0,4.0,07,,,,,,,,20210701,,20240607.0,0,
1492940,고용노동부 광주지방고용노동청 전주지청 건설산재지도과,건설산재지도과,4.0,10.0,2.0,1494366,1492000,1492000,1.0,4.0,07,,,,,,,,20210701,,20240607.0,0,
1492942,고용노동부 중부지방고용노동청 성남지청 건설산재지도과,건설산재지도과,4.0,11.0,2.0,1494499,1492000,1492000,1.0,4.0,07,,,,,,,,20210701,,20240607.0,0,
1492943,고용노동부 중부지방고용노동청 경기지청 건설산재지도과,건설산재지도과,4.0,11.0,2.0,1494648,1492000,1492000,1.0,4.0,07,,,,,,,,20210701,,20210624.0,0,
1492944,고용노동부 중부지방고용노동청 의정부지청 건설산재지도과,건설산재지도과,4.0,13.0,2.0,1494482,1492000,1492000,1.0,4.0,07,,,,,,,,20210701,,20240607.0,0,
1492945,고용노동부 경기지방노동위원회 상임위원,상임위원,3.0,3.0,1.0,1492168,1492000,1492000,1.0,3.0,01,,,,,,,,20100705,,20211213.0,0,
1492946,고용노동부 부산지방노동위원회 상임위원,상임위원,3.0,1.0,1.0,1492154,1492000,1492000,1.0,3.0,01,,,,,,,,20100705,,20211214.0,0,
1492947,고용노동부 중앙노동위원회 상임위원,상임위원,3.0,2.0,1.0,1492130,1492000,1492000,1.0,3.0,01,,,,,,,,20100705,,20211216.0,0,
1492948,고용노동부 서울지방노동위원회 상임위원,상임위원,3.0,2.0,1.0,1492140,1492000,1492000,1.0,3.0,01,,,,,,,,20100705,,20211216.0,0,
1492958,고용노동부 최저임금위원회 상임위원,상임위원,3.0,2.0,1.0,1492865,1492000,1492000,1.0,3.0,01,,,,,,,,20100705,,20211216.0,0,
1492959,고용노동부 산업재해보상보험재심사위원회 상임위원,상임위원,3.0,2.0,1.0,1493691,1492000,1492000,1.0,3.0,01,,,,,,,,20100705,,20211216.0,0,
1492960,고용노동부 직업능력정책국 기업훈련지원과,기업훈련지원과,3.0,4.0,0.0,1494744,1492000,1492000,1.0,4.0,07,,,,,,,,20220127,,20220121.0,0,
1492964,고용노동부 중앙노동위원회 상임위원2,상임위원2,3.0,3.0,1.0,1492130,1492000,1492000,1.0,3.0,01,,,,,,,,20100705,,20220810.0,0,
1492965,고용노동부 서울지방노동위원회 상임위원2,상임위원2,3.0,3.0,1.0,1492140,1492000,1492000,1.0,3.0,01,,,,,,,,20100705,,20220810.0,0,
1492966,고용노동부 서울지방노동위원회 상임위원3,상임위원3,3.0,4.0,1.0,1492140,1492000,1492000,1.0,3.0,01,,,,,,,,20100705,,20220810.0,0,
1492967,고용노동부 경기지방노동위원회 상임위원2,상임위원2,3.0,3.0,1.0,1492168,1492000,1492000,1.0,3.0,01,,,,,,,,20100705,,20220810.0,0,
1492970,고용노동부 고용정책실 노동시장정책관 기업일자리지원과,기업일자리지원과,4.0,3.0,0.0,1493862,1492000,1492000,1.0,4.0,07,,,,,,,,20230101,,20221227.0,0,
1492971,고용노동부 노동정책실 근로기준정책관 근로감독기획과,근로감독기획과,4.0,2.0,0.0,1494748,1492000,1492000,1.0,4.0,07,,,,,,,,20230201,,20230130.0,0,
1492972,고용노동부 노동정책실 노동개혁정책관,노동개혁정책관,3.0,1.0,0.0,1494582,1492000,1492000,1.0,5.0,28,,,,,,,,20230411,,20230408.0,0,
1492973,고용노동부 중부지방고용노동청 광역중대재해수사과,광역중대재해수사과,3.0,9.0,1.0,1494419,1492000,1492000,1.0,4.0,07,,,,,,,,20230411,,20230408.0,0,
1492974,고용노동부 부산지방고용노동청 광역중대재해수사과,광역중대재해수사과,3.0,10.0,1.0,1494123,1492000,1492000,1.0,4.0,07,,,,,,,,20230411,,20230408.0,0,
1492975,고용노동부 광주지방고용노동청 광역중대재해수사과,광역중대재해수사과,3.0,11.0,1.0,1494162,1492000,1492000,1.0,4.0,07,,,,,,,,20230411,,20230408.0,0,
1492976,고용노동부 서울지방고용노동청 광역중대재해수사과,광역중대재해수사과,3.0,11.0,1.0,1493944,1492000,1492000,1.0,4.0,07,,,,,,,,20230411,,20230408.0,0,
1492977,고용노동부 대전지방고용노동청 광역중대재해수사과,광역중대재해수사과,3.0,12.0,1.0,1494163,1492000,1492000,1.0,4.0,07,,,,,,,,20230411,,20230408.0,0,
1492978,고용노동부 대구지방고용노동청 광역중대재해수사과,광역중대재해수사과,3.0,12.0,1.0,1494137,1492000,1492000,1.0,4.0,07,,,,,,,,20230411,,20230408.0,0,
1492979,고용노동부 노동정책실 노동개혁정책관 노동개혁총괄과,노동개혁총괄과,4.0,1.0,0.0,1492972,1492000,1492000,1.0,4.0,07,,,,,,,,20230411,,20230408.0,0,
1492981,고용노동부 노동정책실 노동개혁정책관 임금근로시간정책과,임금근로시간정책과,4.0,2.0,0.0,1492972,1492000,1492000,1.0,4.0,07,,,,,,,,20230411,,20250411.0,0,
1492982,고용노동부 노동정책실 노동개혁정책관 공공노사관계과,공공노사관계과,4.0,3.0,0.0,1492972,1492000,1492000,1.0,4.0,07,,,,,,,,20230411,,20250411.0,0,
1492984,고용노동부 중부지방고용노동청 경기지청 광역중대재해수사과,광역중대재해수사과,4.0,9.0,2.0,1494648,1492000,1492000,1.0,4.0,07,,,,,,,,20230411,,20230408.0,0,
1492986,고용노동부 산업안전보건본부 중대재해감축로드맵이행추진단,중대재해감축로드맵이행추진단,3.0,3.0,0.0,1492910,1492000,1492000,1.0,4.0,03,,,,,,,,20230519,,20230516.0,0,
1492987,고용노동부 산업안전보건본부 중대재해감축로드맵이행추진단 부단장,부단장,4.0,1.0,0.0,1492986,1492000,1492000,1.0,4.0,07,,,,,,,,20230519,,20230516.0,0,
1492988,고용노동부 산업안전보건본부 중대재해감축로드맵이행추진단 로드맵이행총괄팀,로드맵이행총괄팀,4.0,2.0,0.0,1492986,1492000,1492000,1.0,4.0,07,,,,,,,,20230519,,20230516.0,0,
1492989,고용노동부 산업안전보건본부 중대재해감축로드맵이행추진단 안전문화협력팀,안전문화협력팀,4.0,3.0,0.0,1492986,1492000,1492000,1.0,4.0,07,,,,,,,,20230519,,20230516.0,0,
1492990,고용노동부 중부지방고용노동청 인천고용센터 국민취업지원과,국민취업지원과,4.0,3.0,1.0,1494420,1492000,1492000,1.0,4.0,07,,,,,,,,20231001,,20230925.0,0,
1492991,고용노동부 광주지방고용노동청 광주고용센터 국민취업지원과,국민취업지원과,4.0,3.0,1.0,1494354,1492000,1492000,1.0,4.0,07,,,,,,,,20231001,,20230925.0,0,
1492992,고용노동부 대변인 홍보담당관,홍보담당관,3.0,1.0,0.0,1493687,1492000,1492000,1.0,5.0,30,,,,,,,,20231229,,20231227.0,0,
1492995,고용노동부 노동정책실 노동개혁정책관 미조직근로자지원과,미조직근로자지원과,4.0,4.0,0.0,1492972,1492000,1492000,1.0,4.0,07,,,,,,,,20240610,,20250411.0,0,
1492996,고용노동부 대전지방고용노동청 천안지청 광역중대재해수사과,광역중대재해수사과,4.0,6.0,2.0,1494401,1492000,1492000,1.0,4.0,07,,,,,,,,20240610,,20240607.0,0,
1492997,고용노동부 부산지방고용노동청 창원지청 광역중대재해수사과,광역중대재해수사과,4.0,7.0,2.0,1494244,1492000,1492000,1.0,4.0,07,,,,,,,,20240610,,20240607.0,0,
1492998,고용노동부 대구지방고용노동청 포항지청 광역중대재해수사과,광역중대재해수사과,4.0,7.0,2.0,1494158,1492000,1492000,1.0,4.0,07,,,,,,,,20240610,,20240607.0,0,
1492999,고용노동부 광주지방고용노동청 전주지청 광역중대재해수사과,광역중대재해수사과,4.0,8.0,2.0,1494366,1492000,1492000,1.0,4.0,07,,,,,,,,20240610,,20240607.0,0,
1493000,고용노동부 중부지방고용노동청 성남지청 광역중대재해수사과,광역중대재해수사과,4.0,9.0,2.0,1494499,1492000,1492000,1.0,4.0,07,,,,,,,,20240610,,20240607.0,0,
1493001,고용노동부 중부지방고용노동청 의정부지청 광역중대재해수사과,광역중대재해수사과,4.0,11.0,2.0,1494482,1492000,1492000,1.0,4.0,07,,,,,,,,20240610,,20240607.0,0,
1493002,고용노동부 감사관 민원운영팀,민원운영팀,3.0,2.0,0.0,1492006,1492000,1492000,1.0,5.0,30,,,,,,,,20240923,,20240912.0,0,
1493003,고용노동부 기획조정실 국제협력관 국제개발협력팀,국제개발협력팀,4.0,3.0,0.0,1493640,1492000,1492000,1.0,5.0,30,,,,,,,,20240923,,20250516.0,0,
1493004,고용노동부 기획조정실 정책기획관 지능정보화기획팀,지능정보화기획팀,4.0,6.0,0.0,1493639,1492000,1492000,1.0,5.0,30,,,,,,,,20240923,,20240912.0,0,
1493005,고용노동부 노동정책실 노동개혁정책관 노동행정인공지능혁신과,노동행정인공지능혁신과,4.0,5.0,0.0,1492972,1492000,1492000,1.0,4.0,07,,,,,,,,20250415,,20250411.0,0,
1493006,고용노동부 고용정책실 고용서비스정책관 고용센터혁신추진단,고용센터혁신추진단,4.0,6.0,0.0,1493724,1492000,1492000,1.0,4.0,07,,,,,,,,20250421,,20250417.0,0,
1493609,고용노동부 중앙노동위원회 사무처,사무처,3.0,1.0,1.0,1492130,1492000,1492000,1.0,10.0,02,30117.0,,1144010200,"정부세종청사 11동 3층, 4층",003700004,,,20100705,,20171220.0,0,
1493610,고용노동부 중앙노동위원회 사무처 기획총괄과,기획총괄과,4.0,1.0,1.0,1493609,1492000,1492000,1.0,4.0,07,30117.0,,1144010200,"정부세종청사 11동 3층, 4층",003700004,,,20100705,,20170516.0,0,
1493611,고용노동부 중앙노동위원회 사무처 조정심판국,조정심판국,4.0,2.0,1.0,1493609,1492000,1492000,1.0,4.0,05,30117.0,,1144010200,"정부세종청사 11동 3층,4층",000000000,,,20100705,,20170516.0,0,
1493612,고용노동부 중앙노동위원회 사무처 조정심판국 조정과,조정과,5.0,1.0,1.0,1493611,1492000,1492000,1.0,4.0,07,30117.0,,1144010200,중앙노동위원회,003700004,,,20100705,,20171220.0,0,
1493613,고용노동부 중앙노동위원회 사무처 조정심판국 심판1과,심판1과,5.0,3.0,1.0,1493611,1492000,1492000,1.0,4.0,07,30117.0,,1144010200,"정부세종청사 11동 3, 4층",003700004,,,20100705,,20171220.0,0,
1493614,고용노동부 중앙노동위원회 사무처 조정심판국 심판2과,심판2과,5.0,4.0,1.0,1493611,1492000,1492000,1.0,4.0,07,30117.0,,1144010200,"정부세종청사 11동 3, 4층",003700004,,,20100705,,20171220.0,0,
1493615,고용노동부 중앙노동위원회 사무처 조정심판국 법무지원과,법무지원과,5.0,5.0,1.0,1493611,1492000,1492000,1.0,4.0,07,30117.0,,1144010200,"정부세종청사 11동 3,4층",003700004,,,20100705,,20171220.0,0,
1493616,고용노동부 서울지방노동위원회 사무국 심판1과,심판1과,4.0,3.0,1.0,1492141,1492000,1492000,1.0,4.0,07,7295.0,,1168010800,서울지방노동위원회,000710000,,,20100705,,20171220.0,0,
1493617,고용노동부 서울지방노동위원회 사무국 심판2과,심판2과,4.0,4.0,1.0,1492141,1492000,1492000,1.0,4.0,07,7295.0,,1168010800,서울지방노동위원회,000000000,,,20100705,,20171220.0,0,
1493631,고용노동부 감사관 감사담당관,감사담당관,3.0,1.0,0.0,1492006,1492000,1492000,1.0,4.0,07,30117.0,,4129010700,정부세종청사 11동,000010000,02-6902-0801,02-6922-0830,20100705,,20171219.0,0,
1493632,고용노동부 운영지원과,운영지원과,2.0,16.0,0.0,1492000,1492000,1492000,1.0,4.0,07,,,,,,,,20100705,,20221212.0,0,
1493633,고용노동부 기획조정실,기획조정실,2.0,6.0,0.0,1492000,1492000,1492000,1.0,5.0,10,,,,,,,,20100705,,20221212.0,0,
1493634,고용노동부 고용정책실,고용정책실,2.0,7.0,0.0,1492000,1492000,1492000,1.0,4.0,03,,,,,,,,20100705,,20221212.0,0,
1493639,고용노동부 기획조정실 정책기획관,정책기획관,3.0,1.0,0.0,1493633,1492000,1492000,1.0,5.0,18,30117.0,,4129010700,정부세종청사 11동,000010000,02-2110-7112,02-504-6709,20100705,,20170512.0,0,
1493640,고용노동부 기획조정실 국제협력관,국제협력관,3.0,2.0,0.0,1493633,1492000,1492000,1.0,5.0,02,,,4129010700,,000010000,02-2110-7429,02-507-4755,20100705,,20110331.0,0,
1493663,고용노동부 기획조정실 정책기획관 기획재정담당관,기획재정담당관,4.0,1.0,0.0,1493639,1492000,1492000,1.0,4.0,07,30117.0,,4129010700,정부세종청사 11동,000010000,02-2110-7112,02-504-6709,20100705,,20171219.0,0,
1493665,고용노동부 기획조정실 정책기획관 규제개혁법무담당관,규제개혁법무담당관,4.0,2.0,0.0,1493639,1492000,1492000,1.0,5.0,02,30117.0,,4129010700,정부세종청사 11동,000010000,02-2110-7044,02-507-6494,20100705,,20170804.0,0,
1493667,고용노동부 기획조정실 국제협력관 국제협력담당관,국제협력담당관,4.0,1.0,0.0,1493640,1492000,1492000,1.0,5.0,30,,,,,,,,20100705,,20240516.0,0,
1493687,고용노동부 대변인,대변인,2.0,4.0,0.0,1492000,1492000,1492000,1.0,5.0,28,,,,,,,,20100705,,20221212.0,0,
1493690,고용노동부 장관정책보좌관,장관정책보좌관,2.0,2.0,0.0,1492000,1492000,1492000,1.0,5.0,08,,,,,,,,20100705,,20221212.0,0,
1493691,고용노동부 산업재해보상보험재심사위원회,산업재해보상보험재심사위원회,2.0,32.0,1.0,1492000,1492000,1492000,1.0,6.0,01,30117.0,,1165010700,,000000000,02)540-5142,02)540-5148,20100705,,20171220.0,0,
1493692,고용노동부 산업재해보상보험재심사위원회 사무국,사무국,3.0,1.0,1.0,1493691,1492000,1492000,1.0,10.0,01,30117.0,,1165010700,,000000000,,,20100705,,20171220.0,0,
1493724,고용노동부 고용정책실 고용서비스정책관,고용서비스정책관,3.0,2.0,0.0,1493634,1492000,1492000,1.0,5.0,08,30117.0,,4129010700,정부세종청사 11동,000010000,02-2110-713550-7432,2110-7033,20100705,,20170512.0,0,
1493729,고용노동부 고용정책실 고용서비스정책관 고용서비스정책과,고용서비스정책과,4.0,1.0,0.0,1493724,1492000,1492000,1.0,4.0,07,30117.0,,4129010700,정부세종청사 11동,000010000,02-2110-7135,02-503-9330,20100705,,20171219.0,0,
1493730,고용노동부 고용정책실 고용서비스정책관 고용지원실업급여과,고용지원실업급여과,4.0,3.0,0.0,1493724,1492000,1492000,1.0,4.0,07,30117.0,,4129010700,정부세종청사 11동,000010000,02-2110-7134,02-6902-8422,20100705,,20171219.0,0,
1493862,고용노동부 고용정책실 노동시장정책관,노동시장정책관,3.0,1.0,0.0,1493634,1492000,1492000,1.0,5.0,02,30117.0,,4129010700,정부세종청사 11동,000010000,02-2110-7153,02-502-6855,20100705,,20170512.0,0,
1493944,고용노동부 서울지방고용노동청,서울지방고용노동청,2.0,13.0,1.0,1492000,1492000,1492000,1.0,8.0,05,,,1114010900,장교빌딩,000010000,02-2250-5821,02-2254-0556,20100712,,20150130.0,0,
1493945,고용노동부 서울지방고용노동청 서울고용센터,서울고용센터,3.0,1.0,1.0,1493944,1492000,1492000,1.0,4.0,11,4541.0,,1114010900,1~4층,000010000,02-2250-5812,02-2254-0556,20100712,,20170516.0,0,
1493946,고용노동부 서울지방고용노동청 근로개선지도1과,근로개선지도1과,3.0,7.0,1.0,1493944,1492000,1492000,1.0,4.0,07,4541.0,,1114010900,1~4층,000010000,02-2250-5725,02-2254-4374,20100712,,20170512.0,0,
1493947,고용노동부 서울지방고용노동청 근로개선지도2과,근로개선지도2과,3.0,8.0,1.0,1493944,1492000,1492000,1.0,4.0,07,4541.0,,1114010900,1~4층,000010000,02-2250-5740,02-2250-5724,20100712,,20170512.0,0,
1493948,고용노동부 서울지방고용노동청 근로개선지도3과,근로개선지도3과,3.0,9.0,1.0,1493944,1492000,1492000,1.0,4.0,07,4541.0,,1114010900,1~4층,000010000,02-2250-5780,02-2250-5899,20100712,,20170512.0,0,
1493957,고용노동부 서울지방고용노동청 서울강남지청,서울강남지청,3.0,14.0,2.0,1493944,1492000,1492000,1.0,8.0,05,,,,,,,,20100712,,20210624.0,0,
1493958,고용노동부 서울지방고용노동청 서울강남지청 서울강남고용센터,서울강남고용센터,4.0,1.0,2.0,1493957,1492000,1492000,1.0,8.0,05,6192.0,,1168010600,7~10층,010240000,02-584-0009,02-6915-4025,20100712,,20170515.0,0,
1493959,고용노동부 서울지방고용노동청 서울강남지청 근로개선지도1과,근로개선지도1과,4.0,4.0,2.0,1493957,1492000,1492000,1.0,4.0,07,6192.0,,1168010600,7~10층,010240000,02-598-0791,02-598-1850,20100712,,20170515.0,0,
1493960,고용노동부 서울지방고용노동청 서울강남지청 근로개선지도2과,근로개선지도2과,4.0,5.0,2.0,1493957,1492000,1492000,1.0,4.0,07,6192.0,,1168010600,7~10층,010240000,02-598-2455,02-598-2761,20100712,,20170515.0,0,
1493961,고용노동부 서울지방고용노동청 서울강남지청 근로개선지도3과,근로개선지도3과,4.0,6.0,2.0,1493957,1492000,1492000,1.0,4.0,07,6192.0,,1168010600,7~10층,010240000,02-598-2457,02-598-0369,20100712,,20170515.0,0,
1493970,고용노동부 서울지방고용노동청 서울동부지청,서울동부지청,3.0,15.0,2.0,1493944,1492000,1492000,1.0,8.0,05,,,,,,,,20100712,,20210624.0,0,
1493971,고용노동부 서울지방고용노동청 서울동부지청 서울동부고용센터,서울동부고용센터,4.0,1.0,2.0,1493970,1492000,1492000,1.0,8.0,05,5717.0,,1171010700,동관 10~11층,000780000,02-2142-8924,02-6915-4043,20100712,,20170515.0,0,
1493972,고용노동부 서울지방고용노동청 서울동부지청 근로개선지도1과,근로개선지도1과,4.0,5.0,2.0,1493970,1492000,1492000,1.0,4.0,07,,,,,,,,20100712,,20221212.0,0,
1493973,고용노동부 서울지방고용노동청 서울동부지청 근로개선지도2과,근로개선지도2과,4.0,7.0,2.0,1493970,1492000,1492000,1.0,4.0,07,,,,,,,,20100712,,20221212.0,0,
1493979,고용노동부 서울지방고용노동청 서울서부지청,서울서부지청,3.0,16.0,2.0,1493944,1492000,1492000,1.0,8.0,05,,,,,,,,20100712,,20210624.0,0,
1493980,고용노동부 서울지방고용노동청 서울서부지청 서울서부고용센터,서울서부고용센터,4.0,1.0,2.0,1493979,1492000,1492000,1.0,8.0,05,4157.0,,1144010400,"3,5층",001730000,02-2077-6000,02-713-8783,20100712,,20170515.0,0,
1493981,고용노동부 서울지방고용노동청 서울서부지청 근로개선지도1과,근로개선지도1과,4.0,4.0,2.0,1493979,1492000,1492000,1.0,4.0,07,4157.0,,1144010400,"3,5층",001730000,02-2077-6136,02-701-1303,20100712,,20170515.0,0,
1493982,고용노동부 서울지방고용노동청 서울서부지청 근로개선지도2과,근로개선지도2과,4.0,5.0,2.0,1493979,1492000,1492000,1.0,4.0,07,4157.0,,1144010400,"3,5층",001730000,02-2077-6157,02-701-1319,20100712,,20170515.0,0,
1493987,고용노동부 서울지방고용노동청 서울남부지청,서울남부지청,3.0,17.0,2.0,1493944,1492000,1492000,1.0,8.0,05,,,,,,,,20100712,,20210624.0,0,
1493988,고용노동부 서울지방고용노동청 서울남부지청 서울남부고용센터,서울남부고용센터,4.0,1.0,2.0,1493987,1492000,1492000,1.0,8.0,05,7262.0,,1156012500,서울남부고용노동지청,001150000,02-2639-2300,02-6915-4070,20100712,,20170515.0,0,
1493989,고용노동부 서울지방고용노동청 서울남부지청 근로개선지도1과,근로개선지도1과,4.0,5.0,2.0,1493987,1492000,1492000,1.0,4.0,07,7262.0,,1156012500,서울남부고용노동지청,001150000,02-2639-2193,02-2639-2212,20100712,,20170515.0,0,
1493990,고용노동부 서울지방고용노동청 서울남부지청 근로개선지도2과,근로개선지도2과,4.0,6.0,2.0,1493987,1492000,1492000,1.0,4.0,07,7262.0,,1156012500,서울남부고용노동지청,001150000,02-2639-2193,02-2639-2212,20100712,,20170515.0,0,
1493996,고용노동부 서울지방고용노동청 서울북부지청,서울북부지청,3.0,18.0,2.0,1493944,1492000,1492000,1.0,8.0,05,,,,,,,,20100712,,20210624.0,0,
1493997,고용노동부 서울지방고용노동청 서울북부지청 서울북부고용센터,서울북부고용센터,4.0,1.0,2.0,1493996,1492000,1492000,1.0,8.0,05,1137.0,,1135010500,서울북부고용노동지청,007340002,02-2171-1700,02-6915-4085,20100712,,20170515.0,0,
1493998,고용노동부 서울지방고용노동청 서울북부지청 근로개선지도1과,근로개선지도1과,4.0,5.0,2.0,1493996,1492000,1492000,1.0,4.0,07,,,,,,,,20100712,,20221212.0,0,
1493999,고용노동부 서울지방고용노동청 서울북부지청 근로개선지도2과,근로개선지도2과,4.0,6.0,2.0,1493996,1492000,1492000,1.0,4.0,07,,,,,,,,20100712,,20221212.0,0,
1494005,고용노동부 서울지방고용노동청 서울관악지청,서울관악지청,3.0,19.0,2.0,1493944,1492000,1492000,1.0,8.0,05,,,,,,,,20100712,,20210624.0,0,
1494006,고용노동부 서울지방고용노동청 서울관악지청 서울관악고용센터,서울관악고용센터,4.0,1.0,2.0,1494005,1492000,1492000,1.0,8.0,05,8390.0,,1153010200,서울관악고용노동지청,001820004,02-3282-9200,02-3281-1472,20100712,,20170515.0,0,
1494007,고용노동부 서울지방고용노동청 서울관악지청 근로개선지도1과,근로개선지도1과,4.0,4.0,2.0,1494005,1492000,1492000,1.0,4.0,07,8390.0,,1153010200,서울관악고용노동지청,002220030,02-950-9731,02-985-9096,20100712,,20170515.0,0,
1494008,고용노동부 서울지방고용노동청 서울관악지청 근로개선지도2과,근로개선지도2과,4.0,5.0,2.0,1494005,1492000,1492000,1.0,4.0,07,51430.0,,1153010200,창원고용노동지청,002220030,02-950-9752,02-985-8053,20100712,,20170515.0,0,
1494123,고용노동부 부산지방고용노동청,부산지방고용노동청,2.0,14.0,1.0,1492000,1492000,1492000,1.0,8.0,05,47605.0,,2647000000,부산지방고용노동청,000000000,,,20100712,,20171219.0,0,
1494124,고용노동부 부산지방고용노동청 부산고용센터,부산고용센터,3.0,1.0,1.0,1494123,1492000,1492000,1.0,4.0,11,48267.0,,2647000000,1~5층,000000000,,,20100712,,20180315.0,0,
1494125,고용노동부 부산지방고용노동청 근로개선지도1과,근로개선지도1과,3.0,7.0,1.0,1494123,1492000,1492000,1.0,4.0,07,,,,,,,,20100712,,20221212.0,0,
1494126,고용노동부 부산지방고용노동청 근로개선지도2과,근로개선지도2과,3.0,8.0,1.0,1494123,1492000,1492000,1.0,4.0,07,,,,,,,,20100712,,20221212.0,0,
1494136,고용노동부 부산지방고용노동청 부산동부지청,부산동부지청,3.0,13.0,2.0,1494123,1492000,1492000,1.0,8.0,05,,,,,,,,20100712,,20221212.0,0,
1494137,고용노동부 대구지방고용노동청,대구지방고용노동청,2.0,15.0,1.0,1492000,1492000,1492000,1.0,8.0,05,42140.0,,2723000000,대구지방고용노동청,000000000,,,20100712,,20171219.0,0,
1494140,고용노동부 대구지방고용노동청 근로개선지도1과,근로개선지도1과,3.0,9.0,1.0,1494137,1492000,1492000,1.0,4.0,07,42140.0,,2726000000,대구지방고용노동청,000000000,,,20100712,,20171219.0,0,
1494141,고용노동부 대구지방고용노동청 근로개선지도2과,근로개선지도2과,3.0,10.0,1.0,1494137,1492000,1492000,1.0,4.0,07,42140.0,,2726000000,대구지방고용노동청,000000000,,,20100712,,20171219.0,0,
1494158,고용노동부 대구지방고용노동청 포항지청,포항지청,3.0,16.0,2.0,1494137,1492000,1492000,1.0,8.0,05,,,,,,,,20100712,,20210624.0,0,
1494162,고용노동부 광주지방고용노동청,광주지방고용노동청,2.0,16.0,1.0,1492000,1492000,1492000,1.0,8.0,05,61011.0,,2911011500,,000000000,,,20100712,,20171219.0,0,
1494163,고용노동부 대전지방고용노동청,대전지방고용노동청,2.0,17.0,1.0,1492000,1492000,1492000,1.0,8.0,05,27428.0,,3017011200,대전지방고용노동청,000000000,,,20100712,,20171219.0,0,
1494181,고용노동부 대전지방고용노동청 근로개선지도1과,근로개선지도1과,3.0,9.0,1.0,1494163,1492000,1492000,1.0,4.0,07,35238.0,,3017000000,대전지방고용노동청,000000000,,,20100712,,20171220.0,0,
1494182,고용노동부 대전지방고용노동청 근로개선지도2과,근로개선지도2과,3.0,10.0,1.0,1494163,1492000,1492000,1.0,4.0,07,35238.0,,3017000000,대전지방고용노동청,000000000,,,20100712,,20171220.0,0,
1494231,고용노동부 부산지방고용노동청 부산동부지청 부산동부고용센터,부산동부고용센터,4.0,1.0,2.0,1494136,1492000,1492000,1.0,8.0,05,46332.0,,2650000000,부산동부고용센터,000000000,,,20100712,,20171219.0,0,
1494234,고용노동부 부산지방고용노동청 부산북부지청,부산북부지청,3.0,14.0,2.0,1494123,1492000,1492000,1.0,8.0,05,,,,,,,,20100712,,20221212.0,0,
1494239,고용노동부 부산지방고용노동청 부산북부지청 근로개선지도과,근로개선지도과,4.0,3.0,2.0,1494234,1492000,1492000,1.0,4.0,07,46938.0,,2653000000,부산지방고용노동청 부산북부지청,000000000,,,20100712,,20171219.0,0,
1494244,고용노동부 부산지방고용노동청 창원지청,창원지청,3.0,15.0,2.0,1494123,1492000,1492000,1.0,8.0,05,,,,,,,,20100712,,20221212.0,0,
1494245,고용노동부 부산지방고용노동청 창원지청 창원고용센터,창원고용센터,4.0,1.0,2.0,1494244,1492000,1492000,1.0,8.0,05,51430.0,,4811000000,창원고용노동지청,000000000,,,20100712,,20171219.0,0,
1494246,고용노동부 부산지방고용노동청 창원지청 마산고용센터,마산고용센터,4.0,2.0,2.0,1494244,1492000,1492000,1.0,8.0,05,51316.0,,4816000000,3~5층,000000000,,,20100712,,20171219.0,0,
1494248,고용노동부 부산지방고용노동청 창원지청 근로개선지도1과,근로개선지도1과,4.0,5.0,2.0,1494244,1492000,1492000,1.0,4.0,07,51430.0,,4811000000,창원고용노동지청,000000000,,,20100712,,20171219.0,0,
1494249,고용노동부 부산지방고용노동청 창원지청 근로개선지도2과,근로개선지도2과,4.0,6.0,2.0,1494244,1492000,1492000,1.0,4.0,07,51430.0,,4811000000,창원고용노동지청,000000000,,,20100712,,20171219.0,0,
1494254,고용노동부 부산지방고용노동청 울산지청,울산지청,3.0,16.0,2.0,1494123,1492000,1492000,1.0,8.0,05,,,,,,,,20100712,,20221212.0,0,
1494255,고용노동부 부산지방고용노동청 울산지청 울산고용센터,울산고용센터,4.0,1.0,2.0,1494254,1492000,1492000,1.0,8.0,05,44664.0,,3114000000,울산고용노동지청,000000000,,,20100712,,20171219.0,0,
1494256,고용노동부 부산지방고용노동청 울산지청 근로개선지도1과,근로개선지도1과,4.0,5.0,2.0,1494254,1492000,1492000,1.0,4.0,07,44664.0,,3114000000,울산고용노동지청,000000000,,,20100712,,20171219.0,0,
1494257,고용노동부 부산지방고용노동청 울산지청 근로개선지도2과,근로개선지도2과,4.0,6.0,2.0,1494254,1492000,1492000,1.0,4.0,07,44664.0,,3114000000,울산고용노동지청,000000000,,,20100712,,20171219.0,0,
1494262,고용노동부 부산지방고용노동청 양산지청,양산지청,3.0,17.0,2.0,1494123,1492000,1492000,1.0,8.0,05,,,,,,,,20100712,,20221212.0,0,
1494263,고용노동부 부산지방고용노동청 양산지청 김해고용센터,김해고용센터,4.0,1.0,2.0,1494262,1492000,1492000,1.0,8.0,05,50925.0,,4825000000,양산고용노동지청 김해고용센터,000000000,,,20100712,,20180315.0,0,
1494264,고용노동부 부산지방고용노동청 양산지청 양산고용센터,양산고용센터,4.0,2.0,2.0,1494262,1492000,1492000,1.0,8.0,05,50629.0,,4833000000,양산고용노동지청 양산센터,000000000,,,20100712,,20180315.0,0,
1494269,고용노동부 부산지방고용노동청 진주지청,진주지청,3.0,18.0,2.0,1494123,1492000,1492000,1.0,8.0,05,,,,,,,,20100712,,20221212.0,0,
1494272,고용노동부 부산지방고용노동청 진주지청 근로개선지도과,근로개선지도과,4.0,5.0,2.0,1494269,1492000,1492000,1.0,4.0,07,52629.0,,4817000000,진주고용노동지청,000000000,,,20100712,,20180315.0,0,
1494276,고용노동부 부산지방고용노동청 통영지청,통영지청,3.0,19.0,2.0,1494123,1492000,1492000,1.0,8.0,05,,,,,,,,20100712,,20221212.0,0,
1494279,고용노동부 부산지방고용노동청 통영지청 근로개선지도과,근로개선지도과,4.0,4.0,2.0,1494276,1492000,1492000,1.0,4.0,07,53016.0,,4822000000,통영고용노동지청,000000000,,,20100712,,20171219.0,0,
1494288,고용노동부 서울지방고용노동청 서울고용센터 기업지원과,기업지원과,4.0,4.0,2.0,1493945,1492000,1492000,1.0,4.0,07,4541.0,,1114010900,1~4층,000010000,02-2004-7370,02-6915-4018,20100712,,20170512.0,0,
1494289,고용노동부 서울지방고용노동청 서울고용센터 직업능력개발과,직업능력개발과,4.0,5.0,2.0,1493945,1492000,1492000,1.0,4.0,07,4541.0,,1114010900,1~4층,000010000,02-2004-7901,02-6915-4024,20100712,,20170512.0,0,
1494321,고용노동부 부산지방고용노동청 부산고용센터 기업지원과,기업지원과,4.0,4.0,1.0,1494124,1492000,1492000,1.0,4.0,07,47209.0,,2647000000,부산지방고용노동청,000000000,,,20100712,,20170515.0,0,
1494322,고용노동부 부산지방고용노동청 부산고용센터 직업능력개발과,직업능력개발과,4.0,5.0,1.0,1494124,1492000,1492000,1.0,4.0,07,47605.0,,2647000000,부산지방고용노동청,000000000,,,20100712,,20170515.0,0,
1494340,고용노동부 대구지방고용노동청 구미지청,구미지청,3.0,17.0,2.0,1494137,1492000,1492000,1.0,8.0,05,,,,,,,,20100712,,20210624.0,0,
1494341,고용노동부 대구지방고용노동청 구미지청 구미고용센터,구미고용센터,4.0,1.0,2.0,1494340,1492000,1492000,1.0,8.0,05,39281.0,,4719000000,구미고용센터,000000000,,,20100712,,20171219.0,0,
1494342,고용노동부 대구지방고용노동청 구미지청 김천고용센터,김천고용센터,4.0,2.0,2.0,1494340,1492000,1492000,1.0,8.0,05,39647.0,,4715000000,김천고용센터,000000000,,,20100712,,20171219.0,0,
1494343,고용노동부 대구지방고용노동청 구미지청 근로개선지도과,근로개선지도과,4.0,4.0,2.0,1494340,1492000,1492000,1.0,4.0,07,39390.0,,4719000000,구미고용노동지청,000000000,,,20100712,,20171219.0,0,
1494347,고용노동부 대구지방고용노동청 영주지청,영주지청,3.0,18.0,2.0,1494137,1492000,1492000,1.0,8.0,05,,,,,,,,20100712,,20210624.0,0,
1494348,고용노동부 대구지방고용노동청 영주지청 영주고용센터,영주고용센터,4.0,1.0,2.0,1494347,1492000,1492000,1.0,8.0,05,36088.0,,4721000000,영주고용센터,000000000,,,20100712,,20171219.0,0,
1494349,고용노동부 대구지방고용노동청 영주지청 문경고용센터,문경고용센터,4.0,2.0,2.0,1494347,1492000,1492000,1.0,8.0,05,36977.0,,4728000000,산림조합건물 4층,000000000,,,20100712,,20171219.0,0,
1494351,고용노동부 대구지방고용노동청 안동지청,안동지청,3.0,19.0,2.0,1494137,1492000,1492000,1.0,8.0,05,,,,,,,,20100712,,20210624.0,0,
1494352,고용노동부 대구지방고용노동청 안동지청 안동고용센터,안동고용센터,4.0,1.0,2.0,1494351,1492000,1492000,1.0,8.0,05,36643.0,,4717000000,안동고용노동지청,000000000,,,20100712,,20171219.0,0,
1494354,고용노동부 광주지방고용노동청 광주고용센터,광주고용센터,3.0,1.0,1.0,1494162,1492000,1492000,1.0,4.0,11,61240.0,,2920000000,광주고용센터,000000000,,,20100712,,20171219.0,0,
1494355,고용노동부 광주지방고용노동청 근로개선지도1과,근로개선지도1과,3.0,7.0,1.0,1494162,1492000,1492000,1.0,4.0,07,61011.0,,2920000000,광주지방고용노동청,000000000,,,20100712,,20171219.0,0,
1494356,고용노동부 광주지방고용노동청 근로개선지도2과,근로개선지도2과,3.0,8.0,1.0,1494162,1492000,1492000,1.0,4.0,07,61011.0,,2920000000,광주지방고용노동청,000000000,,,20100712,,20171219.0,0,
1494364,고용노동부 광주지방고용노동청 광주고용센터 기업지원과,기업지원과,4.0,6.0,1.0,1494354,1492000,1492000,1.0,4.0,07,,,,,,,,20100712,,20230925.0,0,
1494365,고용노동부 광주지방고용노동청 광주고용센터 직업능력개발과,직업능력개발과,4.0,7.0,1.0,1494354,1492000,1492000,1.0,4.0,07,,,,,,,,20100712,,20230925.0,0,
1494366,고용노동부 광주지방고용노동청 전주지청,전주지청,3.0,15.0,2.0,1494162,1492000,1492000,1.0,8.0,05,,,,,,,,20100712,,20210624.0,0,
1494367,고용노동부 광주지방고용노동청 전주지청 전주고용센터,전주고용센터,4.0,1.0,2.0,1494366,1492000,1492000,1.0,8.0,05,54936.0,,4511300000,전주고용센터,000000000,,,20100712,,20171219.0,0,
1494368,고용노동부 광주지방고용노동청 전주지청 정읍고용센터,정읍고용센터,4.0,2.0,2.0,1494366,1492000,1492000,1.0,8.0,05,56178.0,,4518000000,정읍고용센터,000000000,,,20100712,,20171219.0,0,
1494370,고용노동부 광주지방고용노동청 전주지청 근로개선지도1과,근로개선지도1과,4.0,6.0,2.0,1494366,1492000,1492000,1.0,4.0,07,55014.0,,4511300000,전주고용노동지청,000000000,,,20100712,,20171219.0,0,
1494371,고용노동부 광주지방고용노동청 전주지청 근로개선지도2과,근로개선지도2과,4.0,7.0,2.0,1494366,1492000,1492000,1.0,4.0,07,55014.0,,4511300000,전주고용노동지청,000000000,,,20100712,,20171219.0,0,
1494376,고용노동부 광주지방고용노동청 익산지청,익산지청,3.0,16.0,2.0,1494162,1492000,1492000,1.0,8.0,05,,,,,,,,20100712,,20210624.0,0,
1494377,고용노동부 광주지방고용노동청 익산지청 익산고용센터,익산고용센터,4.0,1.0,2.0,1494376,1492000,1492000,1.0,8.0,05,54552.0,,4514000000,익산고용노동지청,000000000,,,20100712,,20171219.0,0,
1494378,고용노동부 광주지방고용노동청 익산지청 근로개선지도과,근로개선지도과,4.0,4.0,2.0,1494376,1492000,1492000,1.0,4.0,07,54552.0,,4514000000,익산고용노동지청,000000000,,,20100712,,20170516.0,0,
1494380,고용노동부 광주지방고용노동청 군산지청,군산지청,3.0,17.0,2.0,1494162,1492000,1492000,1.0,8.0,05,,,,,,,,20100712,,20210624.0,0,
1494381,고용노동부 광주지방고용노동청 군산지청 군산고용센터,군산고용센터,4.0,1.0,2.0,1494380,1492000,1492000,1.0,8.0,05,54076.0,,4513000000,군산고용노동지청,000000000,,,20100712,,20180315.0,0,
1494382,고용노동부 광주지방고용노동청 군산지청 근로개선지도과,근로개선지도과,4.0,4.0,2.0,1494380,1492000,1492000,1.0,4.0,07,54076.0,,4513000000,군산고용노동지청,000000000,,,20100712,,20180315.0,0,
1494384,고용노동부 광주지방고용노동청 목포지청,목포지청,3.0,18.0,2.0,1494162,1492000,1492000,1.0,8.0,05,,,,,,,,20100712,,20210624.0,0,
1494385,고용노동부 광주지방고용노동청 목포지청 목포고용센터,목포고용센터,4.0,1.0,2.0,1494384,1492000,1492000,1.0,8.0,05,58691.0,,4611000000,목포고용노동지청,000000000,,,20100712,,20170516.0,0,
1494386,고용노동부 광주지방고용노동청 목포지청 근로개선지도과,근로개선지도과,4.0,4.0,2.0,1494384,1492000,1492000,1.0,4.0,07,58691.0,,4611000000,목포고용노동지청,000000000,,,20100712,,20170516.0,0,
1494388,고용노동부 광주지방고용노동청 여수지청,여수지청,3.0,19.0,2.0,1494162,1492000,1492000,1.0,8.0,05,,,,,,,,20100712,,20210624.0,0,
1494389,고용노동부 광주지방고용노동청 여수지청 순천고용센터,순천고용센터,4.0,1.0,2.0,1494388,1492000,1492000,1.0,8.0,05,57966.0,,4615000000,순천고용센터,000000000,,,20100712,,20180315.0,0,
1494390,고용노동부 광주지방고용노동청 여수지청 여수고용센터,여수고용센터,4.0,2.0,2.0,1494388,1492000,1492000,1.0,8.0,05,59691.0,,4613000000,여수고용센터,000000000,,,20100712,,20180315.0,0,
1494391,고용노동부 광주지방고용노동청 여수지청 근로개선지도과,근로개선지도과,4.0,5.0,2.0,1494388,1492000,1492000,1.0,4.0,07,,,,,,,,20100712,,20221212.0,0,
1494393,고용노동부 대전지방고용노동청 청주지청,청주지청,3.0,15.0,2.0,1494163,1492000,1492000,1.0,8.0,05,,,,,,,,20100712,,20210624.0,0,
1494394,고용노동부 대전지방고용노동청 청주지청 청주고용센터,청주고용센터,4.0,1.0,2.0,1494393,1492000,1492000,1.0,8.0,05,28798.0,,4311300000,청주고용노동지청,000000000,,,20100712,,20180315.0,0,
1494401,고용노동부 대전지방고용노동청 천안지청,천안지청,3.0,16.0,2.0,1494163,1492000,1492000,1.0,8.0,05,,,,,,,,20100712,,20210624.0,0,
1494402,고용노동부 대전지방고용노동청 천안지청 천안고용센터,천안고용센터,4.0,1.0,2.0,1494401,1492000,1492000,1.0,4.0,07,31107.0,,4413100000,천안고용노동지청,000000000,,,20100712,,20180315.0,0,
1494403,고용노동부 대전지방고용노동청 천안지청 근로개선지도1과,근로개선지도1과,4.0,5.0,2.0,1494401,1492000,1492000,1.0,4.0,07,31107.0,,4413100000,천안고용노동지청,000000000,,,20100712,,20180315.0,0,
1494404,고용노동부 대전지방고용노동청 천안지청 근로개선지도2과,근로개선지도2과,4.0,6.0,2.0,1494401,1492000,1492000,1.0,4.0,07,31107.0,,4413100000,천안고용노동지청,000000000,,,20100712,,20180315.0,0,
1494409,고용노동부 대전지방고용노동청 충주지청,충주지청,3.0,17.0,2.0,1494163,1492000,1492000,1.0,8.0,05,,,,,,,,20100712,,20210624.0,0,
1494410,고용노동부 대전지방고용노동청 충주지청 충주고용센터,충주고용센터,4.0,1.0,2.0,1494409,1492000,1492000,1.0,8.0,05,27428.0,,4313000000,충주고용센터,000000000,,,20100712,,20171220.0,0,
1494411,고용노동부 대전지방고용노동청 충주지청 제천고용센터,제천고용센터,4.0,2.0,2.0,1494409,1492000,1492000,1.0,8.0,05,27184.0,,4315000000,제천고용복지센터,000000000,,,20100712,,20171220.0,0,
1494412,고용노동부 대전지방고용노동청 충주지청 근로개선지도과,근로개선지도과,4.0,5.0,2.0,1494409,1492000,1492000,1.0,4.0,07,27428.0,,4313000000,충주고용노동지청,000000000,,,20100712,,20171220.0,0,
1494414,고용노동부 대전지방고용노동청 보령지청,보령지청,3.0,18.0,2.0,1494163,1492000,1492000,1.0,8.0,05,,,,,,,,20100712,,20210624.0,0,
1494415,고용노동부 대전지방고용노동청 보령지청 보령고용센터,보령고용센터,4.0,1.0,2.0,1494414,1492000,1492000,1.0,8.0,05,33474.0,,4418000000,보령고용복지센터,000000000,,,20100712,,20171220.0,0,
1494417,고용노동부 대전지방고용노동청 보령지청 근로개선지도과,근로개선지도과,4.0,4.0,2.0,1494414,1492000,1492000,1.0,4.0,07,31995.0,,4421000000,서산고용복지플러스센터 5층,000000000,,,20100712,,20171220.0,0,
1494419,고용노동부 중부지방고용노동청,중부지방고용노동청,2.0,13.0,1.0,1492000,1492000,1492000,1.0,8.0,05,21559.0,,2820010100,,011130000,032-460-4501,0505-130-0361,20100712,,20170516.0,0,
1494420,고용노동부 중부지방고용노동청 인천고용센터,인천고용센터,3.0,1.0,1.0,1494419,1492000,1492000,1.0,4.0,11,21559.0,,2820010100,인천고용센터,011130000,032-460-4503,0505-130-0361,20100712,,20170516.0,0,
1494421,고용노동부 중부지방고용노동청 근로개선지도1과,근로개선지도1과,3.0,6.0,1.0,1494419,1492000,1492000,1.0,4.0,07,21559.0,,2820010100,중부지방고용노동청,011130000,032-460-4550,0505-130-0356,20100712,,20170512.0,0,
1494422,고용노동부 중부지방고용노동청 근로개선지도2과,근로개선지도2과,3.0,7.0,1.0,1494419,1492000,1492000,1.0,4.0,07,21559.0,,2820010100,중부지방고용노동청,011130000,032-460-4600,0505-130-0357,20100712,,20170512.0,0,
1494429,고용노동부 중부지방고용노동청 인천고용센터 기업지원과,기업지원과,4.0,6.0,1.0,1494420,1492000,1492000,1.0,4.0,07,,,,,,,,20100712,,20230925.0,0,
1494430,고용노동부 중부지방고용노동청 인천고용센터 직업능력개발과,직업능력개발과,4.0,7.0,1.0,1494420,1492000,1492000,1.0,4.0,07,,,,,,,,20100712,,20230925.0,0,
1494431,고용노동부 중부지방고용노동청 인천북부지청,인천북부지청,3.0,12.0,2.0,1494419,1492000,1492000,1.0,8.0,05,,,,,,,,20100712,,20210624.0,0,
1494432,고용노동부 중부지방고용노동청 인천북부지청 인천북부고용센터,인천북부고용센터,4.0,1.0,2.0,1494431,1492000,1492000,1.0,4.0,11,21060.0,,2823700000,2~5층,000000000,,,20100712,,20171220.0,0,
1494433,고용노동부 중부지방고용노동청 인천북부지청 근로개선지도1과,근로개선지도1과,4.0,4.0,2.0,1494431,1492000,1492000,1.0,4.0,07,21068.0,,2823700000,인천북부고용노동지청,000000000,,,20100712,,20171219.0,0,
1494434,고용노동부 중부지방고용노동청 인천북부지청 근로개선지도2과,근로개선지도2과,4.0,5.0,2.0,1494431,1492000,1492000,1.0,4.0,07,21068.0,,2823700000,인천북부고용노동지청,000000000,,,20100712,,20171219.0,0,
1494449,고용노동부 중부지방고용노동청 평택지청,평택지청,3.0,20.0,2.0,1494419,1492000,1492000,1.0,8.0,05,,,,,,,,20100712,,20210624.0,0,
1494450,고용노동부 중부지방고용노동청 평택지청 평택고용센터,평택고용센터,4.0,1.0,2.0,1494449,1492000,1492000,1.0,8.0,05,17739.0,,4122000000,평택고용노동지청,000000000,,,20100712,,20180315.0,0,
1494455,고용노동부 중부지방고용노동청 부천지청,부천지청,3.0,13.0,2.0,1494419,1492000,1492000,1.0,8.0,05,,,,,,,,20100712,,20210624.0,0,
1494456,고용노동부 중부지방고용노동청 부천지청 부천고용센터,부천고용센터,4.0,1.0,2.0,1494455,1492000,1492000,1.0,8.0,05,14537.0,,4119500000,부천고용노동지청,000000000,,,20100712,,20171219.0,0,
1494457,고용노동부 중부지방고용노동청 부천지청 김포고용센터,김포고용센터,4.0,2.0,2.0,1494455,1492000,1492000,1.0,8.0,05,14537.0,,4119500000,부천고용노동지청,000000000,,,20100712,,20171219.0,0,
1494458,고용노동부 중부지방고용노동청 부천지청 근로개선지도1과,근로개선지도1과,4.0,4.0,2.0,1494455,1492000,1492000,1.0,4.0,07,14537.0,,4119500000,부천고용노동지청,000000000,,,20100712,,20171219.0,0,
1494459,고용노동부 중부지방고용노동청 부천지청 근로개선지도2과,근로개선지도2과,4.0,5.0,2.0,1494455,1492000,1492000,1.0,4.0,07,14537.0,,4119500000,부천고용노동지청,000000000,,,20100712,,20171219.0,0,
1494464,고용노동부 중부지방고용노동청 안양지청,안양지청,3.0,18.0,2.0,1494419,1492000,1492000,1.0,8.0,05,,,,,,,,20100712,,20210624.0,0,
1494465,고용노동부 중부지방고용노동청 안양지청 안양고용센터,안양고용센터,4.0,1.0,3.0,1494464,1492000,1492000,1.0,8.0,05,14001.0,,4117100000,안양고용센터,000000000,,,20100712,,20180315.0,0,
1494466,고용노동부 중부지방고용노동청 안양지청 광명고용센터,광명고용센터,4.0,2.0,3.0,1494464,1492000,1492000,1.0,8.0,05,14216.0,,4121000000,광명고용센터,000000000,,,20100712,,20180315.0,0,
1494467,고용노동부 중부지방고용노동청 안양지청 근로개선지도1과,근로개선지도1과,4.0,5.0,2.0,1494464,1492000,1492000,1.0,4.0,07,,,,,,,,20100712,,20221212.0,0,
1494468,고용노동부 중부지방고용노동청 안양지청 근로개선지도2과,근로개선지도2과,4.0,6.0,2.0,1494464,1492000,1492000,1.0,4.0,07,,,,,,,,20100712,,20221212.0,0,
1494473,고용노동부 중부지방고용노동청 안산지청,안산지청,3.0,19.0,2.0,1494419,1492000,1492000,1.0,8.0,05,,,,,,,,20100712,,20210624.0,0,
1494474,고용노동부 중부지방고용노동청 안산지청 안산고용센터,안산고용센터,4.0,1.0,2.0,1494473,1492000,1492000,1.0,8.0,05,15358.0,,4117300000,안산고용노동지청,000000000,,,20100712,,20171219.0,0,
1494475,고용노동부 중부지방고용노동청 안산지청 시흥고용센터,시흥고용센터,4.0,2.0,2.0,1494473,1492000,1492000,1.0,8.0,05,15049.0,,4139000000,시흥고용센터,000000000,,,20100712,,20171219.0,0,
1494476,고용노동부 중부지방고용노동청 안산지청 근로개선지도1과,근로개선지도1과,4.0,5.0,2.0,1494473,1492000,1492000,1.0,4.0,07,15049.0,,4127300000,3층,000000000,,,20100712,,20171219.0,0,
1494477,고용노동부 중부지방고용노동청 안산지청 근로개선지도2과,근로개선지도2과,4.0,6.0,2.0,1494473,1492000,1492000,1.0,4.0,07,15358.0,,4127300000,안산고용노동지청,000000000,,,20100712,,20171219.0,0,
1494482,고용노동부 중부지방고용노동청 의정부지청,의정부지청,3.0,14.0,2.0,1494419,1492000,1492000,1.0,8.0,05,,,,,,,,20100712,,20210624.0,0,
1494483,고용노동부 중부지방고용노동청 의정부지청 의정부고용센터,의정부고용센터,4.0,1.0,2.0,1494482,1492000,1492000,1.0,8.0,05,11787.0,,4115000000,의정부고용노동지청,000000000,,,20100712,,20180315.0,0,
1494484,고용노동부 중부지방고용노동청 의정부지청 구리고용센터,구리고용센터,4.0,2.0,2.0,1494482,1492000,1492000,1.0,8.0,05,11787.0,,4131000000,의정부고용노동지청,000000000,,,20100712,,20180315.0,0,
1494485,고용노동부 중부지방고용노동청 의정부지청 근로개선지도1과,근로개선지도1과,4.0,8.0,2.0,1494482,1492000,1492000,1.0,4.0,07,11787.0,,4115000000,의정부고용노동지청,000000000,,,20100712,,20180315.0,0,
1494486,고용노동부 중부지방고용노동청 의정부지청 근로개선지도2과,근로개선지도2과,4.0,9.0,2.0,1494482,1492000,1492000,1.0,4.0,07,,,,,,,,20100712,,20221212.0,0,
1494491,고용노동부 중부지방고용노동청 고양지청,고양지청,3.0,15.0,2.0,1494419,1492000,1492000,1.0,8.0,05,,,,,,,,20100712,,20210624.0,0,
1494492,고용노동부 중부지방고용노동청 고양지청 고양고용센터,고양고용센터,4.0,1.0,2.0,1494491,1492000,1492000,1.0,8.0,05,10497.0,,4128500000,고양고용노동지청,000000000,,,20100712,,20171219.0,0,
1494493,고용노동부 중부지방고용노동청 고양지청 근로개선지도1과,근로개선지도1과,4.0,5.0,2.0,1494491,1492000,1492000,1.0,4.0,07,10497.0,,4128500000,고양고용노동지청,000000000,,,20100712,,20171219.0,0,
1494494,고용노동부 중부지방고용노동청 고양지청 근로개선지도2과,근로개선지도2과,4.0,6.0,2.0,1494491,1492000,1492000,1.0,4.0,07,10497.0,,4128500000,고양고용노동지청,000000000,,,20100712,,20171219.0,0,
1494499,고용노동부 중부지방고용노동청 성남지청,성남지청,3.0,17.0,2.0,1494419,1492000,1492000,1.0,8.0,05,,,,,,,,20100712,,20210624.0,0,
1494501,고용노동부 중부지방고용노동청 성남지청 근로개선지도1과,근로개선지도1과,4.0,7.0,2.0,1494499,1492000,1492000,1.0,4.0,07,13627.0,,4113500000,성남고용노동지청,000000000,,,20100712,,20180607.0,0,
1494502,고용노동부 중부지방고용노동청 성남지청 근로개선지도2과,근로개선지도2과,4.0,8.0,2.0,1494499,1492000,1492000,1.0,4.0,07,13627.0,,4113500000,성남고용노동지청,000000000,,,20100712,,20180607.0,0,
1494504,고용노동부 중부지방고용노동청 성남지청 성남고용센터,성남고용센터,4.0,1.0,3.0,1494499,1492000,1492000,1.0,8.0,05,13627.0,,4113500000,성남고용노동지청,000000000,,,20100712,,20180315.0,0,
1494515,고용노동부 부산지방고용노동청 부산북부지청 부산북부고용센터,부산북부고용센터,4.0,1.0,2.0,1494234,1492000,1492000,1.0,8.0,05,46938.0,,2632000000,부산북부지청 부산북부고용센터,000000000,,,20100712,,20171219.0,0,
1494519,고용노동부 부산지방고용노동청 진주지청 진주고용센터,진주고용센터,4.0,1.0,2.0,1494269,1492000,1492000,1.0,4.0,07,52755.0,,4817000000,2~5층,000000000,,,20100712,,20180315.0,0,
1494523,고용노동부 부산지방고용노동청 통영지청 통영고용센터,통영고용센터,4.0,1.0,2.0,1494276,1492000,1492000,1.0,8.0,05,53016.0,,4822000000,통영고용노동지청,000000000,,,20100712,,20171219.0,0,
1494524,고용노동부 부산지방고용노동청 통영지청 거제고용센터,거제고용센터,4.0,2.0,2.0,1494276,1492000,1492000,1.0,8.0,05,53252.0,,4831000000,우형빌딩 3층,000000000,,,20100712,,20171219.0,0,
1494525,고용노동부 대구지방고용노동청 대구고용센터,대구고용센터,3.0,1.0,1.0,1494137,1492000,1492000,1.0,4.0,11,42020.0,,2726000000,대구고용센터,000000000,,,20100712,,20171219.0,0,
1494526,고용노동부 대구지방고용노동청 경산고용센터,경산고용센터,3.0,4.0,1.0,1494137,1492000,1492000,1.0,4.0,11,38622.0,,4729000000,3~4층,000000000,,,20100712,,20171219.0,0,
1494530,고용노동부 대구지방고용노동청 대구고용센터 기업지원과,기업지원과,4.0,4.0,1.0,1494525,1492000,1492000,1.0,4.0,07,42020.0,,2726000000,대구고용센터,000000000,,,20100712,,20170515.0,0,
1494531,고용노동부 대구지방고용노동청 대구고용센터 직업능력개발과,직업능력개발과,4.0,5.0,1.0,1494525,1492000,1492000,1.0,4.0,07,42020.0,,2726000000,대구고용센터,000000000,,,20100712,,20170515.0,0,
1494538,고용노동부 대구지방고용노동청 포항지청 포항고용센터,포항고용센터,4.0,1.0,2.0,1494158,1492000,1492000,1.0,8.0,05,37761.0,,4711100000,포항고용노동지청,000000000,,,20100712,,20171219.0,0,
1494539,고용노동부 대구지방고용노동청 포항지청 경주고용센터,경주고용센터,4.0,2.0,2.0,1494158,1492000,1492000,1.0,8.0,05,38104.0,,4713000000,"3,7~8층",000000000,,,20100712,,20171219.0,0,
1494543,고용노동부 대전지방고용노동청 대전고용센터,대전고용센터,3.0,1.0,2.0,1494163,1492000,1492000,1.0,8.0,05,35262.0,,3017000000,대전고용복지센터,000000000,,,20100712,,20171220.0,0,
1494544,고용노동부 대전지방고용노동청 공주고용센터,공주고용센터,3.0,2.0,2.0,1494163,1492000,1492000,1.0,8.0,05,32584.0,,4415000000,5층,000000000,,,20100712,,20171220.0,0,
1494547,고용노동부 대전지방고용노동청 대전고용센터 기업지원과,기업지원과,4.0,4.0,2.0,1494543,1492000,1492000,1.0,4.0,07,35262.0,,3017000000,대전고용센터,000000000,,,20100712,,20171220.0,0,
1494548,고용노동부 대전지방고용노동청 대전고용센터 직업능력개발과,직업능력개발과,4.0,5.0,2.0,1494543,1492000,1492000,1.0,4.0,07,35262.0,,3017000000,대전고용센터,000000000,,,20100712,,20171220.0,0,
1494557,고용노동부 중부지방고용노동청 강릉지청,강릉지청,3.0,22.0,2.0,1494419,1492000,1492000,1.0,8.0,05,,,,,,,,20100712,,20210624.0,0,
1494558,고용노동부 중부지방고용노동청 강릉지청 강릉고용센터,강릉고용센터,4.0,1.0,2.0,1494557,1492000,1492000,1.0,8.0,05,25535.0,,4215000000,강릉고용노동지청,000000000,,,20100712,,20171219.0,0,
1494559,고용노동부 중부지방고용노동청 강릉지청 속초고용센터,속초고용센터,4.0,2.0,2.0,1494557,1492000,1492000,1.0,8.0,05,24872.0,,4221000000,속초고용센터,000000000,,,20100712,,20171219.0,0,
1494562,고용노동부 중부지방고용노동청 원주지청,원주지청,3.0,23.0,2.0,1494419,1492000,1492000,1.0,8.0,05,,,,,,,,20100712,,20210624.0,0,
1494563,고용노동부 중부지방고용노동청 원주지청 원주고용센터,원주고용센터,4.0,1.0,2.0,1494562,1492000,1492000,1.0,8.0,05,26387.0,,4213000000,원주고용노동지청,000000000,,,20100712,,20171219.0,0,
1494564,고용노동부 중부지방고용노동청 원주지청 근로개선지도과,근로개선지도과,4.0,3.0,2.0,1494562,1492000,1492000,1.0,4.0,07,26387.0,,4213000000,원주고용노동지청,000000000,,,20100712,,20171219.0,0,
1494566,고용노동부 중부지방고용노동청 태백지청,태백지청,3.0,24.0,2.0,1494419,1492000,1492000,1.0,8.0,05,,,,,,,,20100712,,20210624.0,0,
1494567,고용노동부 중부지방고용노동청 태백지청 태백고용센터,태백고용센터,4.0,1.0,2.0,1494566,1492000,1492000,1.0,8.0,05,26008.0,,4219000000,태백고용노동지청,000000000,,,20100712,,20171219.0,0,
1494569,고용노동부 중부지방고용노동청 영월출장소,영월출장소,3.0,25.0,2.0,1494419,1492000,1492000,1.0,8.0,05,,,,,,,,20100712,,20210624.0,0,
1494570,고용노동부 중부지방고용노동청 영월출장소 영월고용센터,영월고용센터,4.0,1.0,2.0,1494569,1492000,1492000,1.0,8.0,05,26232.0,,4275000000,영월출장소,000000000,,,20100712,,20171219.0,0,
1494580,고용노동부 고용정책실 노동시장정책관 고용정책총괄과,고용정책총괄과,4.0,1.0,0.0,1493862,1492000,1492000,1.0,4.0,07,30117.0,,4129010700,정부세종청사 11동,000010000,02-6902-8182,02-502-6855,20110302,,20171219.0,0,
1494581,고용노동부 고용정책실 고용서비스정책관 고용보험기획과,고용보험기획과,4.0,2.0,0.0,1493724,1492000,1492000,1.0,4.0,07,30117.0,,4129010700,정부세종청사 11동,000010000,02-2110-7209,02-502-2714,20110302,,20171219.0,0,
1494582,고용노동부 노동정책실,노동정책실,2.0,11.0,0.0,1492000,1492000,1492000,1.0,4.0,03,,,,,,,,20110302,,20190515.0,0,
1494585,고용노동부 노동정책실 노사협력정책관,노사협력정책관,3.0,2.0,0.0,1494582,1492000,1492000,1.0,5.0,28,,,,,,,,20110302,,20230408.0,0,
1494596,고용노동부 노동정책실 노사협력정책관 노사협력정책과,노사협력정책과,4.0,1.0,0.0,1494585,1492000,1492000,1.0,4.0,07,30117.0,,4129010700,정부세종청사 11동,000010000,02-2110-7324,02-503-9556,20110302,,20171219.0,0,
1494597,고용노동부 노동정책실 노사협력정책관 노사관계법제과,노사관계법제과,4.0,2.0,0.0,1494585,1492000,1492000,1.0,4.0,07,30117.0,,4129010700,정부세종청사 11동,000010000,02-2110-7337,02-503-9731,20110302,,20171219.0,0,
1494598,고용노동부 노동정책실 노사협력정책관 노사관계지원과,노사관계지원과,4.0,3.0,0.0,1494585,1492000,1492000,1.0,4.0,07,30117.0,,4129010700,정부세종청사 11동,000010000,02-2110-7341,02-503-9739,20110302,,20171219.0,0,
1494601,고용노동부 중앙노동위원회 사무처 조정심판국 교섭대표결정과,교섭대표결정과,5.0,2.0,1.0,1493611,1492000,1492000,1.0,4.0,07,30117.0,,1144010200,"정부세종청사 11동 3, 4층",003700004,,,20110302,,20170516.0,0,
1494602,고용노동부 서울지방노동위원회 사무국 교섭대표결정과,교섭대표결정과,4.0,2.0,1.0,1492141,1492000,1492000,1.0,4.0,07,7295.0,,1168010800,서울지방노동위원회,000710000,,,20110302,,20170516.0,0,
1494606,고용노동부 서울지방고용노동청 산재예방지도과,산재예방지도과,3.0,12.0,1.0,1493944,1492000,1492000,1.0,4.0,07,,,,,,,,20110302,,20210624.0,0,
1494607,고용노동부 서울지방고용노동청 서울강남지청 산재예방지도과,산재예방지도과,4.0,8.0,2.0,1493957,1492000,1492000,1.0,4.0,07,,,,,,,,20110302,,20210624.0,0,
1494608,고용노동부 서울지방고용노동청 서울동부지청 산재예방지도과,산재예방지도과,4.0,8.0,2.0,1493970,1492000,1492000,1.0,4.0,07,,,,,,,,20110302,,20221212.0,0,
1494609,고용노동부 서울지방고용노동청 서울서부지청 산재예방지도과,산재예방지도과,4.0,7.0,2.0,1493979,1492000,1492000,1.0,4.0,07,,,,,,,,20110302,,20210624.0,0,
1494610,고용노동부 서울지방고용노동청 서울남부지청 산재예방지도과,산재예방지도과,4.0,8.0,2.0,1493987,1492000,1492000,1.0,4.0,07,,,,,,,,20110302,,20210624.0,0,
1494611,고용노동부 서울지방고용노동청 서울북부지청 산재예방지도과,산재예방지도과,4.0,8.0,2.0,1493996,1492000,1492000,1.0,4.0,07,,,,,,,,20110302,,20221212.0,0,
1494612,고용노동부 서울지방고용노동청 서울관악지청 산재예방지도과,산재예방지도과,4.0,7.0,2.0,1494005,1492000,1492000,1.0,4.0,07,,,,,,,,20110302,,20210624.0,0,
1494613,고용노동부 중부지방고용노동청 산재예방지도과,산재예방지도과,3.0,10.0,1.0,1494419,1492000,1492000,1.0,4.0,07,,,,,,,,20110302,,20210624.0,0,
1494614,고용노동부 중부지방고용노동청 인천북부지청 산재예방지도과,산재예방지도과,4.0,7.0,2.0,1494431,1492000,1492000,1.0,4.0,07,,,,,,,,20110302,,20210624.0,0,
1494616,고용노동부 중부지방고용노동청 평택지청 산재예방지도과,산재예방지도과,4.0,7.0,2.0,1494449,1492000,1492000,1.0,4.0,07,,,,,,,,20110302,,20210624.0,0,
1494617,고용노동부 중부지방고용노동청 부천지청 산재예방지도과,산재예방지도과,4.0,7.0,2.0,1494455,1492000,1492000,1.0,4.0,07,,,,,,,,20110302,,20210624.0,0,
1494618,고용노동부 중부지방고용노동청 안양지청 산재예방지도과,산재예방지도과,4.0,7.0,2.0,1494464,1492000,1492000,1.0,4.0,07,,,,,,,,20110302,,20221212.0,0,
1494619,고용노동부 중부지방고용노동청 안산지청 산재예방지도과,산재예방지도과,4.0,8.0,2.0,1494473,1492000,1492000,1.0,4.0,07,,,,,,,,20110302,,20210624.0,0,
1494620,고용노동부 중부지방고용노동청 의정부지청 산재예방지도과,산재예방지도과,4.0,12.0,2.0,1494482,1492000,1492000,1.0,4.0,07,,,,,,,,20110302,,20240607.0,0,
1494621,고용노동부 중부지방고용노동청 고양지청 산재예방지도과,산재예방지도과,4.0,8.0,2.0,1494491,1492000,1492000,1.0,4.0,07,,,,,,,,20110302,,20210624.0,0,
1494622,고용노동부 중부지방고용노동청 성남지청 산재예방지도과,산재예방지도과,4.0,10.0,2.0,1494499,1492000,1492000,1.0,4.0,07,,,,,,,,20110302,,20240607.0,0,
1494624,고용노동부 중부지방고용노동청 원주지청 산재예방지도과,산재예방지도과,4.0,4.0,2.0,1494562,1492000,1492000,1.0,4.0,07,,,,,,,,20110302,,20210624.0,0,
1494625,고용노동부 부산지방고용노동청 산재예방지도과,산재예방지도과,3.0,11.0,1.0,1494123,1492000,1492000,1.0,4.0,07,,,,,,,,20110302,,20221212.0,0,
1494626,고용노동부 부산지방고용노동청 부산동부지청 산재예방지도과,산재예방지도과,4.0,5.0,2.0,1494136,1492000,1492000,1.0,4.0,07,,,,,,,,20110302,,20210624.0,0,
1494627,고용노동부 부산지방고용노동청 부산북부지청 산재예방지도과,산재예방지도과,4.0,4.0,2.0,1494234,1492000,1492000,1.0,4.0,07,,,,,,,,20110302,,20210624.0,0,
1494628,고용노동부 부산지방고용노동청 창원지청 산재예방지도과,산재예방지도과,4.0,8.0,2.0,1494244,1492000,1492000,1.0,4.0,07,,,,,,,,20110302,,20240607.0,0,
1494629,고용노동부 부산지방고용노동청 울산지청 산재예방지도과,산재예방지도과,4.0,7.0,2.0,1494254,1492000,1492000,1.0,4.0,07,,,,,,,,20110302,,20210624.0,0,
1494630,고용노동부 부산지방고용노동청 양산지청 산재예방지도과,산재예방지도과,4.0,6.0,2.0,1494262,1492000,1492000,1.0,4.0,07,,,,,,,,20110302,,20210624.0,0,
1494631,고용노동부 부산지방고용노동청 진주지청 산재예방지도과,산재예방지도과,4.0,6.0,2.0,1494269,1492000,1492000,1.0,4.0,07,,,,,,,,20110302,,20210624.0,0,
1494632,고용노동부 부산지방고용노동청 통영지청 산재예방지도과,산재예방지도과,4.0,5.0,2.0,1494276,1492000,1492000,1.0,4.0,07,,,,,,,,20110302,,20210624.0,0,
1494633,고용노동부 대구지방고용노동청 산재예방지도과,산재예방지도과,3.0,13.0,1.0,1494137,1492000,1492000,1.0,4.0,07,,,,,,,,20110302,,20210624.0,0,
1494635,고용노동부 대구지방고용노동청 포항지청 산재예방지도과,산재예방지도과,4.0,8.0,2.0,1494158,1492000,1492000,1.0,4.0,07,,,,,,,,20110302,,20240607.0,0,
1494636,고용노동부 대구지방고용노동청 구미지청 산재예방지도과,산재예방지도과,4.0,5.0,2.0,1494340,1492000,1492000,1.0,4.0,07,,,,,,,,20110302,,20210624.0,0,
1494637,고용노동부 광주지방고용노동청 산재예방지도과,산재예방지도과,3.0,12.0,1.0,1494162,1492000,1492000,1.0,4.0,07,,,,,,,,20110302,,20210624.0,0,
1494638,고용노동부 광주지방고용노동청 전주지청 산재예방지도과,산재예방지도과,4.0,9.0,2.0,1494366,1492000,1492000,1.0,4.0,07,,,,,,,,20110302,,20240607.0,0,
1494639,고용노동부 광주지방고용노동청 익산지청 산재예방지도과,산재예방지도과,4.0,5.0,2.0,1494376,1492000,1492000,1.0,4.0,07,,,,,,,,20110302,,20210624.0,0,
1494640,고용노동부 광주지방고용노동청 군산지청 산재예방지도과,산재예방지도과,4.0,4.0,2.0,1494380,1492000,1492000,1.0,4.0,07,,,,,,,,20110302,,20210624.0,0,
1494641,고용노동부 광주지방고용노동청 목포지청 산재예방지도과,산재예방지도과,4.0,5.0,2.0,1494384,1492000,1492000,1.0,4.0,07,,,,,,,,20110302,,20210624.0,0,
1494642,고용노동부 광주지방고용노동청 여수지청 산재예방지도과,산재예방지도과,4.0,6.0,2.0,1494388,1492000,1492000,1.0,4.0,07,,,,,,,,20110302,,20221212.0,0,
1494643,고용노동부 대전지방고용노동청 산재예방지도과,산재예방지도과,3.0,13.0,1.0,1494163,1492000,1492000,1.0,4.0,07,,,,,,,,20110302,,20210624.0,0,
1494644,고용노동부 대전지방고용노동청 청주지청 산재예방지도과,산재예방지도과,4.0,6.0,2.0,1494393,1492000,1492000,1.0,4.0,07,,,,,,,,20110302,,20210624.0,0,
1494645,고용노동부 대전지방고용노동청 천안지청 산재예방지도과,산재예방지도과,4.0,7.0,2.0,1494401,1492000,1492000,1.0,4.0,07,,,,,,,,20110302,,20240607.0,0,
1494646,고용노동부 대전지방고용노동청 충주지청 산재예방지도과,산재예방지도과,4.0,6.0,2.0,1494409,1492000,1492000,1.0,4.0,07,,,,,,,,20110302,,20210624.0,0,
1494647,고용노동부 대전지방고용노동청 보령지청 산재예방지도과,산재예방지도과,4.0,5.0,2.0,1494414,1492000,1492000,1.0,4.0,07,,,,,,,,20110302,,20210624.0,0,
1494648,고용노동부 중부지방고용노동청 경기지청,경기지청,3.0,16.0,2.0,1494419,1492000,1492000,1.0,8.0,05,,,,,,,,20110302,,20210624.0,0,
1494649,고용노동부 중부지방고용노동청 경기지청 수원고용센터,수원고용센터,4.0,1.0,2.0,1494648,1492000,1492000,1.0,8.0,05,16483.0,,4111300000,2~4층,000000000,,,20110302,,20171219.0,0,
1494650,고용노동부 중부지방고용노동청 경기지청 용인고용센터,용인고용센터,4.0,2.0,2.0,1494648,1492000,1492000,1.0,4.0,07,16977.0,,4146500000,4층 용인고용센터,000000000,,,20110302,,20171219.0,0,
1494651,고용노동부 중부지방고용노동청 경기지청 근로개선지도1과,근로개선지도1과,4.0,7.0,2.0,1494648,1492000,1492000,1.0,4.0,07,16324.0,,4111300000,경기고용노동지청,000000000,,,20110302,,20171219.0,0,
1494652,고용노동부 중부지방고용노동청 경기지청 근로개선지도2과,근로개선지도2과,4.0,8.0,2.0,1494648,1492000,1492000,1.0,4.0,07,16324.0,,4111300000,경기고용노동지청,000000000,,,20110302,,20171219.0,0,
1494653,고용노동부 중부지방고용노동청 경기지청 산재예방지도과,산재예방지도과,4.0,10.0,2.0,1494648,1492000,1492000,1.0,4.0,07,,,,,,,,20110302,,20210624.0,0,
1494659,고용노동부 중부지방고용노동청 강원지청,강원지청,3.0,21.0,2.0,1494419,1492000,1492000,1.0,8.0,05,,,,,,,,20110302,,20210624.0,0,
1494660,고용노동부 중부지방고용노동청 강원지청 춘천고용센터,춘천고용센터,4.0,1.0,2.0,1494659,1492000,1492000,1.0,8.0,05,24233.0,,4211000000,강원고용노동지청,000000000,,,20110302,,20171219.0,0,
1494661,고용노동부 중부지방고용노동청 강원지청 근로개선지도과,근로개선지도과,4.0,4.0,2.0,1494659,1492000,1492000,1.0,4.0,07,24233.0,,4211000000,강원고용노동지청,000000000,,,20110302,,20171219.0,0,
1494662,고용노동부 중부지방고용노동청 강원지청 산재예방지도과,산재예방지도과,4.0,5.0,2.0,1494659,1492000,1492000,1.0,4.0,07,,,,,,,,20110302,,20210624.0,0,
1494666,고용노동부 서울지방고용노동청 서초고용센터,서초고용센터,3.0,2.0,1.0,1493944,1492000,1492000,1.0,4.0,11,6671.0,,1165010100,서울서초고용센터,010220010,02-580-4941,02-6915-4025,20110301,,20170516.0,0,
1494674,고용노동부 중부지방고용노동청 성남지청 경기광주고용센터,경기광주고용센터,4.0,2.0,3.0,1494499,1492000,1492000,1.0,8.0,05,12757.0,,4161000000,경기광주고용센터,000000000,,,20110302,,20180315.0,0,
1494678,고용노동부 중부지방고용노동청 경기지청 화성고용센터,화성고용센터,4.0,3.0,2.0,1494648,1492000,1492000,1.0,8.0,05,18302.0,,4159000000,화성고용복지센터,000000000,,,20121015,,20171219.0,0,
1494679,고용노동부 중부지방고용노동청 성남지청 이천고용센터,이천고용센터,4.0,3.0,3.0,1494499,1492000,1492000,1.0,8.0,05,17356.0,,4150000000,이천고용센터,000000000,,,20121015,,20180315.0,0,
1494680,고용노동부 중부지방고용노동청 태백지청 삼척고용센터,삼척고용센터,4.0,2.0,2.0,1494566,1492000,1492000,1.0,8.0,05,26008.0,,4223000000,태백고용노동지청,000000000,,,20121015,,20171219.0,0,
1494682,고용노동부 기획조정실 국제협력관 외국인력담당관,외국인력담당관,4.0,2.0,0.0,1493640,1492000,1492000,1.0,5.0,30,,,,,,,,20121205,,20240516.0,0,
1494684,고용노동부 대구지방고용노동청 대구서부지청,대구서부지청,3.0,15.0,2.0,1494137,1492000,1492000,1.0,8.0,05,,,,,,,,20121205,,20210624.0,0,
1494685,고용노동부 대구지방고용노동청 대구서부지청 대구서부고용센터,대구서부고용센터,4.0,1.0,2.0,1494684,1492000,1492000,1.0,8.0,05,41857.0,,2717000000,대구서부고용센터,000000000,,,20121205,,20171219.0,0,
1494687,고용노동부 대구지방고용노동청 대구서부지청 근로개선지도1과,근로개선지도1과,4.0,5.0,2.0,1494684,1492000,1492000,1.0,4.0,07,42768.0,,2717000000,대구서부고용노동지청,000000000,,,20121205,,20171219.0,0,
1494688,고용노동부 대구지방고용노동청 대구서부지청 근로개선지도2과,근로개선지도2과,4.0,6.0,2.0,1494684,1492000,1492000,1.0,4.0,07,42768.0,,2717000000,대구서부고용노동지청,000000000,,,20121205,,20171219.0,0,
1494689,고용노동부 대구지방고용노동청 대구서부지청 산재예방지도과,산재예방지도과,4.0,7.0,2.0,1494684,1492000,1492000,1.0,4.0,07,,,,,,,,20121205,,20210624.0,0,
1494693,고용노동부 고용정책실 고용서비스정책관 자산운용팀,자산운용팀,4.0,4.0,0.0,1493724,1492000,1492000,1.0,4.0,07,,,,,,,,20121205,,20231128.0,0,
1494694,고용노동부 기획조정실 정책기획관 비상안전담당관,비상안전담당관,4.0,5.0,0.0,1493639,1492000,1492000,1.0,5.0,30,,,,,,,,20130323,,20240516.0,0,1493666
1494712,고용노동부 중부지방고용노동청 태백지청 근로개선지도팀,근로개선지도팀,4.0,4.0,2.0,1494566,1492000,1492000,1.0,4.0,07,26008.0,,,,,,,20130323,,20170515.0,0,
1494715,고용노동부 대구지방고용노동청 영주지청 근로개선지도팀,근로개선지도팀,4.0,4.0,2.0,1494347,1492000,1492000,1.0,4.0,09,36102.0,,,,,,,20130323,,20170515.0,0,1494350
1494716,고용노동부 대구지방고용노동청 안동지청 근로개선지도팀,근로개선지도팀,4.0,3.0,2.0,1494351,1492000,1492000,1.0,4.0,09,30117.0,,,정부세종청사 11동,,,,20130323,,20170515.0,0,
1494717,고용노동부 경기지방노동위원회 사무국 심판1과,심판1과,4.0,4.0,1.0,1492169,1492000,1492000,1.0,4.0,07,16360.0,,,,,,,20130323,,20171220.0,0,1492171
1494718,고용노동부 경기지방노동위원회 사무국 심판2과,심판2과,4.0,5.0,1.0,1492169,1492000,1492000,1.0,4.0,07,16360.0,,,,,,,20130323,,20171220.0,0,
1494729,고용노동부 중부지방고용노동청 의정부지청 남양주고용센터,남양주고용센터,4.0,3.0,2.0,1494482,1492000,1492000,1.0,8.0,05,12237.0,,,,,02-2110-7038,02-503-7432,20131224,,20180315.0,0,
1494731,고용노동부 중부지방고용노동청 의정부지청 동두천고용센터,동두천고용센터,4.0,4.0,2.0,1494482,1492000,1492000,1.0,8.0,05,11317.0,,,서경코아 3층,,0442027050,0442028022,20141208,,20180315.0,0,
1494732,고용노동부 대구지방고용노동청 대구서부지청 칠곡고용센터,칠곡고용센터,4.0,3.0,2.0,1494684,1492000,1492000,1.0,8.0,05,39890.0,,,칠곡고용센터,,0442027050,0442028022,20141208,,20170515.0,0,
1494733,고용노동부 광주지방고용노동청 목포지청 해남고용센터,해남고용센터,4.0,2.0,2.0,1494384,1492000,1492000,1.0,8.0,05,59037.0,,,해남고용센터,,0442027050,0442028022,20141215,,20170516.0,0,
1494734,고용노동부 고용정책실 노동시장정책관 지역산업고용정책과,지역산업고용정책과,4.0,2.0,0.0,1493862,1492000,1492000,1.0,4.0,07,30117.0,,,정부세종청사 11동,,044-202-7050,,20150130,,20171219.0,0,1494696
1494744,고용노동부 직업능력정책국,직업능력정책국,2.0,10.0,0.0,1492000,1492000,1492000,1.0,4.0,15,,,,,,,,20150130,,20190702.0,0,1493660
1494745,고용노동부 직업능력정책국 직업능력정책과,직업능력정책과,3.0,1.0,0.0,1494744,1492000,1492000,1.0,4.0,07,30117.0,,,정부세종청사 11동,,044-202-7050,,20150130,,20171219.0,0,1493676
1494746,고용노동부 직업능력정책국 직업능력평가과,직업능력평가과,3.0,2.0,0.0,1494744,1492000,1492000,1.0,4.0,07,30117.0,,,정부세종청사 11동,,044-202-7050,,20150130,,20171219.0,0,1494577
1494747,고용노동부 직업능력정책국 인적자원개발과,인적자원개발과,3.0,3.0,0.0,1494744,1492000,1492000,1.0,4.0,07,30117.0,,,정부세종청사 11동,,044-202-7050,,20150130,,20171219.0,0,1493726
1494748,고용노동부 노동정책실 근로기준정책관,근로기준정책관,3.0,3.0,0.0,1494582,1492000,1492000,1.0,5.0,28,,,,,,,,20150130,,20230408.0,0,1494583
1494749,고용노동부 노동정책실 근로기준정책관 근로기준정책과,근로기준정책과,4.0,1.0,0.0,1494748,1492000,1492000,1.0,4.0,07,30117.0,,,정부세종청사 11동,,044-202-7050,,20150130,,20171219.0,0,1494588
1494750,고용노동부 노동정책실 근로기준정책관 퇴직연금복지과,퇴직연금복지과,4.0,3.0,0.0,1494748,1492000,1492000,1.0,4.0,07,,,,,,,,20150130,,20230130.0,0,1494589
1494751,고용노동부 노동정책실 근로기준정책관 고용차별개선과,고용차별개선과,4.0,4.0,0.0,1494748,1492000,1492000,1.0,4.0,07,,,,,,,,20150130,,20230130.0,0,1494590
1494752,고용노동부 서울지방고용노동청 지역협력과,지역협력과,3.0,3.0,1.0,1493944,1492000,1492000,1.0,4.0,07,4541.0,,,1~6층,,1350,,20150130,,20170512.0,0,
1494753,고용노동부 서울지방고용노동청 고용관리과,고용관리과,3.0,4.0,1.0,1493944,1492000,1492000,1.0,4.0,07,4541.0,,,1~6층,,1350,,20150130,,20170512.0,0,
1494754,고용노동부 서울지방고용노동청 부정수급조사과,부정수급조사과,3.0,5.0,1.0,1493944,1492000,1492000,1.0,4.0,07,4541.0,,,1~6층,,1350,,20150130,,20170512.0,0,
1494755,고용노동부 서울지방고용노동청 광역근로감독과,광역근로감독과,3.0,10.0,1.0,1493944,1492000,1492000,1.0,4.0,07,4541.0,,,1~6층,,1350,,20150130,,20170512.0,0,
1494757,고용노동부 서울지방고용노동청 서울고용센터 실업급여과,실업급여과,4.0,2.0,1.0,1493945,1492000,1492000,1.0,4.0,07,6705.0,,,,,1350,,20150130,,20170512.0,0,
1494759,고용노동부 서울지방고용노동청 서울강남지청 지역협력과,지역협력과,4.0,2.0,2.0,1493957,1492000,1492000,1.0,4.0,07,6278.0,,,9층,,1350,,20150130,,20170515.0,0,
1494760,고용노동부 서울지방고용노동청 서울강남지청 고용관리과,고용관리과,4.0,3.0,2.0,1493957,1492000,1492000,1.0,4.0,07,6278.0,,,9층,,1350,,20150130,,20170515.0,0,
1494761,고용노동부 서울지방고용노동청 서울동부지청 지역협력과,지역협력과,4.0,3.0,2.0,1493970,1492000,1492000,1.0,4.0,07,,,,,,,,20150130,,20221212.0,0,
1494762,고용노동부 서울지방고용노동청 서울동부지청 고용관리과,고용관리과,4.0,4.0,2.0,1493970,1492000,1492000,1.0,4.0,07,,,,,,,,20150130,,20221212.0,0,
1494763,고용노동부 서울지방고용노동청 서울동부지청 근로개선지도3과,근로개선지도3과,4.0,6.0,2.0,1493970,1492000,1492000,1.0,4.0,07,5717.0,,,"동관 3~5층, 10~11층",,1350,,20150130,,20170515.0,0,
1494764,고용노동부 서울지방고용노동청 서울서부지청 지역협력과,지역협력과,4.0,2.0,2.0,1493979,1492000,1492000,1.0,4.0,07,4157.0,,,"3,5층",,1350,,20150130,,20170515.0,0,
1494765,고용노동부 서울지방고용노동청 서울서부지청 고용관리과,고용관리과,4.0,3.0,2.0,1493979,1492000,1492000,1.0,4.0,07,4157.0,,,3~5층,,1350,,20150130,,20170515.0,0,
1494766,고용노동부 서울지방고용노동청 서울서부지청 근로개선지도3과,근로개선지도3과,4.0,6.0,2.0,1493979,1492000,1492000,1.0,4.0,07,4157.0,,,"3층,5층",,1350,,20150130,,20170515.0,0,
1494767,고용노동부 서울지방고용노동청 서울남부지청 지역협력과,지역협력과,4.0,3.0,2.0,1493987,1492000,1492000,1.0,4.0,07,7262.0,,,,,1350,,20150130,,20170515.0,0,
1494768,고용노동부 서울지방고용노동청 서울남부지청 고용관리과,고용관리과,4.0,4.0,2.0,1493987,1492000,1492000,1.0,4.0,07,7262.0,,,,,1350,,20150130,,20170515.0,0,
1494769,고용노동부 서울지방고용노동청 서울남부지청 근로개선지도3과,근로개선지도3과,4.0,7.0,2.0,1493987,1492000,1492000,1.0,4.0,07,7262.0,,,,,1350,,20150130,,20170515.0,0,
1494770,고용노동부 서울지방고용노동청 서울북부지청 지역협력과,지역협력과,4.0,3.0,2.0,1493996,1492000,1492000,1.0,4.0,07,,,,,,,,20150130,,20221212.0,0,
1494771,고용노동부 서울지방고용노동청 서울북부지청 고용관리과,고용관리과,4.0,4.0,2.0,1493996,1492000,1492000,1.0,4.0,07,,,,,,,,20150130,,20221212.0,0,
1494772,고용노동부 서울지방고용노동청 서울북부지청 근로개선지도3과,근로개선지도3과,4.0,7.0,2.0,1493996,1492000,1492000,1.0,4.0,07,,,,,,,,20150130,,20221212.0,0,
1494773,고용노동부 서울지방고용노동청 서울관악지청 지역협력과,지역협력과,4.0,2.0,2.0,1494005,1492000,1492000,1.0,4.0,07,8390.0,,,,,1350,,20150130,,20170515.0,0,
1494774,고용노동부 서울지방고용노동청 서울관악지청 고용관리과,고용관리과,4.0,3.0,2.0,1494005,1492000,1492000,1.0,4.0,07,8390.0,,,,,1350,,20150130,,20170515.0,0,
1494775,고용노동부 서울지방고용노동청 서울관악지청 근로개선지도3과,근로개선지도3과,4.0,6.0,2.0,1494005,1492000,1492000,1.0,4.0,07,8390.0,,,,,1350,,20150130,,20170515.0,0,
1494776,고용노동부 중부지방고용노동청 지역협력과,지역협력과,3.0,2.0,1.0,1494419,1492000,1492000,1.0,4.0,07,21559.0,,,,,,,20150130,,20170512.0,0,
1494777,고용노동부 중부지방고용노동청 고용관리과,고용관리과,3.0,3.0,1.0,1494419,1492000,1492000,1.0,4.0,07,21559.0,,,,,,,20150130,,20170512.0,0,
1494778,고용노동부 중부지방고용노동청 부정수급조사과,부정수급조사과,3.0,4.0,1.0,1494419,1492000,1492000,1.0,4.0,07,21559.0,,,,,,,20150130,,20170512.0,0,
1494779,고용노동부 중부지방고용노동청 광역근로감독과,광역근로감독과,3.0,8.0,1.0,1494419,1492000,1492000,1.0,4.0,07,21559.0,,,,,,,20150130,,20170512.0,0,
1494781,고용노동부 중부지방고용노동청 인천고용센터 실업급여과,실업급여과,4.0,2.0,2.0,1494420,1492000,1492000,1.0,4.0,07,21559.0,,,,,,,20150130,,20180604.0,0,
1494783,고용노동부 부산지방고용노동청 지역협력과,지역협력과,3.0,3.0,1.0,1494123,1492000,1492000,1.0,4.0,07,,,,,,,,20150130,,20221212.0,0,
1494784,고용노동부 부산지방고용노동청 고용관리과,고용관리과,3.0,4.0,1.0,1494123,1492000,1492000,1.0,4.0,07,,,,,,,,20150130,,20221212.0,0,
1494785,고용노동부 부산지방고용노동청 부정수급조사과,부정수급조사과,3.0,5.0,1.0,1494123,1492000,1492000,1.0,4.0,07,,,,,,,,20150130,,20221212.0,0,
1494786,고용노동부 부산지방고용노동청 광역근로감독과,광역근로감독과,3.0,9.0,1.0,1494123,1492000,1492000,1.0,4.0,07,,,,,,,,20150130,,20221212.0,0,
1494788,고용노동부 부산지방고용노동청 부산고용센터 실업급여과,실업급여과,4.0,2.0,1.0,1494124,1492000,1492000,1.0,4.0,07,47209.0,,,1~5층,,1350,,20150130,,20170515.0,0,
1494790,고용노동부 대구지방고용노동청 지역협력과,지역협력과,3.0,5.0,1.0,1494137,1492000,1492000,1.0,4.0,07,42140.0,,,,,1350,,20150130,,20170515.0,0,
1494791,고용노동부 대구지방고용노동청 고용관리과,고용관리과,3.0,6.0,1.0,1494137,1492000,1492000,1.0,4.0,07,42140.0,,,,,1350,,20150130,,20170515.0,0,
1494792,고용노동부 대구지방고용노동청 부정수급조사과,부정수급조사과,3.0,7.0,1.0,1494137,1492000,1492000,1.0,4.0,07,42140.0,,,,,1350,,20150130,,20170515.0,0,
1494793,고용노동부 대구지방고용노동청 광역근로감독과,광역근로감독과,3.0,11.0,1.0,1494137,1492000,1492000,1.0,4.0,07,42140.0,,,,,1350,,20150130,,20170515.0,0,
1494794,고용노동부 대구지방고용노동청 대구강북고용센터,대구강북고용센터,3.0,2.0,1.0,1494137,1492000,1492000,1.0,4.0,11,42140.0,,,,,,,20150130,,20170516.0,0,
1494795,고용노동부 대구지방고용노동청 대구고용센터 실업급여과,실업급여과,4.0,2.0,1.0,1494525,1492000,1492000,1.0,4.0,07,42020.0,,,,,1350,,20150130,,20170515.0,0,
1494797,고용노동부 광주지방고용노동청 지역협력과,지역협력과,3.0,3.0,1.0,1494162,1492000,1492000,1.0,4.0,07,61011.0,,,2~6층,,1350,,20150130,,20170516.0,0,
1494798,고용노동부 광주지방고용노동청 고용관리과,고용관리과,3.0,4.0,1.0,1494162,1492000,1492000,1.0,4.0,07,61011.0,,,2~6층,,1350,,20150130,,20170516.0,0,
1494799,고용노동부 광주지방고용노동청 부정수급조사과,부정수급조사과,3.0,5.0,1.0,1494162,1492000,1492000,1.0,4.0,07,61011.0,,,2~6층,,1350,,20150130,,20170516.0,0,
1494800,고용노동부 광주지방고용노동청 광역근로감독과,광역근로감독과,3.0,10.0,1.0,1494162,1492000,1492000,1.0,4.0,07,,,,,,,,20150130,,20210624.0,0,
1494802,고용노동부 광주지방고용노동청 광주고용센터 실업급여과,실업급여과,4.0,2.0,1.0,1494354,1492000,1492000,1.0,4.0,07,61240.0,,,,,1350,,20150130,,20170516.0,0,
1494804,고용노동부 대전지방고용노동청 지역협력과,지역협력과,3.0,5.0,1.0,1494163,1492000,1492000,1.0,4.0,07,35238.0,,,,,1350,,20150130,,20170516.0,0,
1494805,고용노동부 대전지방고용노동청 고용관리과,고용관리과,3.0,6.0,1.0,1494163,1492000,1492000,1.0,4.0,07,35238.0,,,,,1350,,20150130,,20170516.0,0,
1494806,고용노동부 대전지방고용노동청 부정수급조사과,부정수급조사과,3.0,7.0,1.0,1494163,1492000,1492000,1.0,4.0,07,35238.0,,,,,1350,,20150130,,20170516.0,0,
1494807,고용노동부 대전지방고용노동청 광역근로감독과,광역근로감독과,3.0,11.0,1.0,1494163,1492000,1492000,1.0,4.0,07,35238.0,,,,,1350,,20150130,,20170516.0,0,
1494808,고용노동부 대전지방고용노동청 대전고용센터 실업급여과,실업급여과,4.0,2.0,1.0,1494543,1492000,1492000,1.0,4.0,07,35262.0,,,,,1350,,20150130,,20170516.0,0,
1494810,고용노동부 중부지방고용노동청 인천북부지청 지역협력과,지역협력과,4.0,3.0,2.0,1494431,1492000,1492000,1.0,4.0,07,21068.0,,,,,1350,,20150130,,20170512.0,0,
1494811,고용노동부 중부지방고용노동청 인천북부지청 근로개선지도3과,근로개선지도3과,4.0,6.0,2.0,1494431,1492000,1492000,1.0,4.0,07,21068.0,,,,,1350,,20150130,,20170515.0,0,
1494812,고용노동부 중부지방고용노동청 부천지청 지역협력과,지역협력과,4.0,3.0,2.0,1494455,1492000,1492000,1.0,4.0,07,14537.0,,,,,1350,,20150130,,20170515.0,0,
1494813,고용노동부 중부지방고용노동청 부천지청 근로개선지도3과,근로개선지도3과,4.0,6.0,2.0,1494455,1492000,1492000,1.0,4.0,07,14537.0,,,,,1350,,20150130,,20170515.0,0,
1494814,고용노동부 중부지방고용노동청 의정부지청 지역협력과,지역협력과,4.0,6.0,2.0,1494482,1492000,1492000,1.0,4.0,07,11787.0,,,,,1350,,20150130,,20180315.0,0,
1494815,고용노동부 중부지방고용노동청 의정부지청 근로개선지도3과,근로개선지도3과,4.0,10.0,2.0,1494482,1492000,1492000,1.0,4.0,07,,,,,,,,20150130,,20221212.0,0,
1494816,고용노동부 중부지방고용노동청 의정부지청 고용관리과,고용관리과,4.0,7.0,2.0,1494482,1492000,1492000,1.0,4.0,07,11787.0,,,,,1350,,20150130,,20180315.0,0,
1494817,고용노동부 중부지방고용노동청 고양지청 지역협력과,지역협력과,4.0,3.0,2.0,1494491,1492000,1492000,1.0,4.0,07,10497.0,,,정부고양지방합동청사 6층,,1350,,20150130,,20170515.0,0,
1494818,고용노동부 중부지방고용노동청 고양지청 고용관리과,고용관리과,4.0,4.0,2.0,1494491,1492000,1492000,1.0,4.0,07,10497.0,,,정부고양지방합동청사 6층,,1350,,20150130,,20170515.0,0,
1494819,고용노동부 중부지방고용노동청 고양지청 근로개선지도3과,근로개선지도3과,4.0,7.0,2.0,1494491,1492000,1492000,1.0,4.0,07,10497.0,,,정부고양지방합동청사 6층,,1350,,20150130,,20170515.0,0,
1494820,고용노동부 중부지방고용노동청 경기지청 지역협력과,지역협력과,4.0,4.0,2.0,1494648,1492000,1492000,1.0,4.0,07,16324.0,,,,,1350,,20150130,,20170515.0,0,
1494821,고용노동부 중부지방고용노동청 경기지청 고용관리과,고용관리과,4.0,5.0,2.0,1494648,1492000,1492000,1.0,4.0,07,16324.0,,,,,1350,,20150130,,20170515.0,0,
1494823,고용노동부 중부지방고용노동청 성남지청 지역협력과,지역협력과,4.0,5.0,2.0,1494499,1492000,1492000,1.0,4.0,07,13627.0,,,,,1350,,20150130,,20180607.0,0,
1494824,고용노동부 중부지방고용노동청 성남지청 고용관리과,고용관리과,4.0,6.0,2.0,1494499,1492000,1492000,1.0,4.0,07,13627.0,,,,,1350,,20150130,,20180607.0,0,
1494825,고용노동부 중부지방고용노동청 성남지청 근로개선지도3과,근로개선지도3과,4.0,9.0,2.0,1494499,1492000,1492000,1.0,4.0,07,13627.0,,,,,1350,,20150130,,20180607.0,0,
1494826,고용노동부 중부지방고용노동청 안양지청 지역협력과,지역협력과,4.0,4.0,2.0,1494464,1492000,1492000,1.0,4.0,07,,,,,,,,20150130,,20221212.0,0,
1494827,고용노동부 중부지방고용노동청 안산지청 지역협력과,지역협력과,4.0,3.0,2.0,1494473,1492000,1492000,1.0,4.0,07,15358.0,,,,,1350,,20150130,,20170515.0,0,
1494828,고용노동부 중부지방고용노동청 안산지청 고용관리과,고용관리과,4.0,4.0,2.0,1494473,1492000,1492000,1.0,4.0,07,15358.0,,,,,1350,,20150130,,20170515.0,0,
1494829,고용노동부 중부지방고용노동청 안산지청 근로개선지도3과,근로개선지도3과,4.0,7.0,2.0,1494473,1492000,1492000,1.0,4.0,07,15358.0,,,,,1350,,20150130,,20170515.0,0,
1494830,고용노동부 중부지방고용노동청 평택지청 지역협력과,지역협력과,4.0,4.0,2.0,1494449,1492000,1492000,1.0,4.0,07,17739.0,,,2~3층,,1350,,20150130,,20180315.0,0,
1494831,고용노동부 중부지방고용노동청 평택지청 근로개선지도1과,근로개선지도1과,4.0,5.0,2.0,1494449,1492000,1492000,1.0,4.0,07,30117.0,,,정부세종청사 11동,,1350,,20150130,,20180315.0,0,
1494832,고용노동부 중부지방고용노동청 평택지청 근로개선지도2과,근로개선지도2과,4.0,6.0,2.0,1494449,1492000,1492000,1.0,4.0,07,17739.0,,,2~3층,,1350,,20150130,,20180315.0,0,
1494833,고용노동부 중부지방고용노동청 강원지청 지역협력과,지역협력과,4.0,2.0,2.0,1494659,1492000,1492000,1.0,4.0,07,24233.0,,,,,1350,,20150130,,20170515.0,0,
1494834,고용노동부 중부지방고용노동청 강원지청 고용관리과,고용관리과,4.0,3.0,2.0,1494659,1492000,1492000,1.0,4.0,07,24233.0,,,,,1350,,20150130,,20170515.0,0,
1494835,고용노동부 중부지방고용노동청 강릉지청 지역협력과,지역협력과,4.0,3.0,2.0,1494557,1492000,1492000,1.0,4.0,07,25535.0,,,,,1350,,20150130,,20170515.0,0,
1494836,고용노동부 중부지방고용노동청 강릉지청 근로개선지도과,근로개선지도과,4.0,4.0,2.0,1494557,1492000,1492000,1.0,4.0,07,25535.0,,,,,1350,,20150130,,20170515.0,0,
1494837,고용노동부 중부지방고용노동청 강릉지청 산재예방지도과,산재예방지도과,4.0,5.0,2.0,1494557,1492000,1492000,1.0,4.0,07,,,,,,,,20150130,,20210624.0,0,
1494838,고용노동부 중부지방고용노동청 원주지청 지역협력과,지역협력과,4.0,2.0,2.0,1494562,1492000,1492000,1.0,4.0,07,26387.0,,,,,1350,,20150130,,20170515.0,0,
1494839,고용노동부 중부지방고용노동청 태백지청 지역협력팀,지역협력팀,4.0,3.0,2.0,1494566,1492000,1492000,1.0,4.0,07,26008.0,,,,,1350,,20150130,,20170515.0,0,
1494840,고용노동부 중부지방고용노동청 영월출장소 지역협력팀,지역협력팀,4.0,2.0,2.0,1494569,1492000,1492000,1.0,4.0,09,26232.0,,,,,1350,,20150130,,20170515.0,0,
1494841,고용노동부 중부지방고용노동청 영월출장소 근로개선지도팀,근로개선지도팀,4.0,3.0,2.0,1494569,1492000,1492000,1.0,4.0,09,26232.0,,,,,1350,,20150130,,20170515.0,0,
1494842,고용노동부 부산지방고용노동청 부산동부지청 지역협력과,지역협력과,4.0,2.0,2.0,1494136,1492000,1492000,1.0,4.0,07,46332.0,,,,,1350,,20150130,,20170515.0,0,
1494843,고용노동부 부산지방고용노동청 부산동부지청 근로개선지도1과,근로개선지도1과,4.0,3.0,2.0,1494136,1492000,1492000,1.0,4.0,07,46332.0,,,,,1350,,20150130,,20170515.0,0,
1494844,고용노동부 부산지방고용노동청 부산동부지청 근로개선지도2과,근로개선지도2과,4.0,4.0,2.0,1494136,1492000,1492000,1.0,4.0,07,46332.0,,,,,1350,,20150130,,20170515.0,0,
1494845,고용노동부 부산지방고용노동청 부산북부지청 지역협력과,지역협력과,4.0,2.0,2.0,1494234,1492000,1492000,1.0,4.0,07,46938.0,,,,,1350,,20150130,,20170515.0,0,
1494846,고용노동부 부산지방고용노동청 창원지청 지역협력과,지역협력과,4.0,3.0,2.0,1494244,1492000,1492000,1.0,4.0,07,51430.0,,,,,1350,,20150130,,20170515.0,0,
1494847,고용노동부 부산지방고용노동청 창원지청 고용관리과,고용관리과,4.0,4.0,2.0,1494244,1492000,1492000,1.0,4.0,07,51430.0,,,,,1350,,20150130,,20170515.0,0,
1494848,고용노동부 부산지방고용노동청 울산지청 지역협력과,지역협력과,4.0,2.0,2.0,1494254,1492000,1492000,1.0,4.0,07,44664.0,,,,,1350,,20150130,,20170515.0,0,
1494849,고용노동부 부산지방고용노동청 울산지청 고용관리과,고용관리과,4.0,3.0,2.0,1494254,1492000,1492000,1.0,4.0,07,44664.0,,,,,1350,,20150130,,20170515.0,0,
1494850,고용노동부 부산지방고용노동청 양산지청 지역협력과,지역협력과,4.0,4.0,2.0,1494262,1492000,1492000,1.0,4.0,07,50635.0,,,,,1350,,20150130,,20180315.0,0,
1494851,고용노동부 부산지방고용노동청 양산지청 근로개선지도1과,근로개선지도1과,4.0,5.0,2.0,1494262,1492000,1492000,1.0,4.0,07,50635.0,,,,,1350,,20150130,,20180315.0,0,
1494852,고용노동부 부산지방고용노동청 양산지청 근로개선지도2과,근로개선지도2과,4.0,6.0,2.0,1494262,1492000,1492000,1.0,4.0,07,50635.0,,,,,1350,,20150130,,20180315.0,0,
1494853,고용노동부 부산지방고용노동청 진주지청 지역협력과,지역협력과,4.0,4.0,2.0,1494269,1492000,1492000,1.0,4.0,07,52755.0,,,2~5층,,1350,,20150130,,20180315.0,0,
1494854,고용노동부 부산지방고용노동청 통영지청 지역협력과,지역협력과,4.0,3.0,2.0,1494276,1492000,1492000,1.0,4.0,07,53040.0,,,,,1350,,20150130,,20170515.0,0,
1494855,고용노동부 대구지방고용노동청 대구서부지청 지역협력과,지역협력과,4.0,4.0,2.0,1494684,1492000,1492000,1.0,4.0,07,42768.0,,,3층,,1350,,20150130,,20170515.0,0,
1494856,고용노동부 대구지방고용노동청 포항지청 지역협력과,지역협력과,4.0,3.0,2.0,1494158,1492000,1492000,1.0,4.0,07,37761.0,,,,,1350,,20150130,,20170515.0,0,
1494857,고용노동부 대구지방고용노동청 포항지청 고용관리과,고용관리과,4.0,4.0,2.0,1494158,1492000,1492000,1.0,4.0,07,37761.0,,,,,1350,,20150130,,20170515.0,0,
1494858,고용노동부 대구지방고용노동청 포항지청 근로개선지도1과,근로개선지도1과,4.0,5.0,2.0,1494158,1492000,1492000,1.0,4.0,07,37761.0,,,,,1350,,20150130,,20170515.0,0,
1494859,고용노동부 대구지방고용노동청 포항지청 근로개선지도2과,근로개선지도2과,4.0,6.0,2.0,1494158,1492000,1492000,1.0,4.0,07,37761.0,,,,,1350,,20150130,,20170515.0,0,
1494860,고용노동부 대구지방고용노동청 구미지청 지역협력과,지역협력과,4.0,3.0,2.0,1494340,1492000,1492000,1.0,4.0,07,39390.0,,,,,1350,,20150130,,20170515.0,0,
1494861,고용노동부 대구지방고용노동청 영주지청 지역협력팀,지역협력팀,4.0,3.0,2.0,1494347,1492000,1492000,1.0,4.0,09,36102.0,,,,,1350,,20150130,,20170515.0,0,
1494862,고용노동부 대구지방고용노동청 안동지청 지역협력팀,지역협력팀,4.0,2.0,2.0,1494351,1492000,1492000,1.0,4.0,09,36643.0,,,,,1350,,20150130,,20170515.0,0,
1494863,고용노동부 광주지방고용노동청 전주지청 지역협력과,지역협력과,4.0,4.0,2.0,1494366,1492000,1492000,1.0,4.0,07,55014.0,,,,,1350,,20150130,,20170515.0,0,
1494864,고용노동부 광주지방고용노동청 전주지청 고용관리과,고용관리과,4.0,5.0,2.0,1494366,1492000,1492000,1.0,4.0,07,55014.0,,,,,1350,,20150130,,20170515.0,0,
1494865,고용노동부 광주지방고용노동청 익산지청 지역협력과,지역협력과,4.0,3.0,2.0,1494376,1492000,1492000,1.0,4.0,07,54552.0,,,,,1350,,20150130,,20170516.0,0,
1494866,고용노동부 광주지방고용노동청 군산지청 지역협력과,지역협력과,4.0,3.0,2.0,1494380,1492000,1492000,1.0,4.0,07,54076.0,,,,,1350,,20150130,,20180315.0,0,
1494867,고용노동부 광주지방고용노동청 목포지청 지역협력과,지역협력과,4.0,3.0,2.0,1494384,1492000,1492000,1.0,4.0,07,58691.0,,,,,1350,,20150130,,20170516.0,0,
1494868,고용노동부 광주지방고용노동청 여수지청 지역협력과,지역협력과,4.0,4.0,2.0,1494388,1492000,1492000,1.0,4.0,07,59691.0,,,,,1350,,20150130,,20180315.0,0,
1494869,고용노동부 대전지방고용노동청 청주지청 지역협력과,지역협력과,4.0,3.0,2.0,1494393,1492000,1492000,1.0,4.0,07,28798.0,,,4층,,1350,,20150130,,20180315.0,0,
1494870,고용노동부 대전지방고용노동청 청주지청 고용관리과,고용관리과,4.0,4.0,2.0,1494393,1492000,1492000,1.0,4.0,07,28798.0,,,4층,,1350,,20150130,,20180315.0,0,
1494871,고용노동부 대전지방고용노동청 청주지청 근로개선지도1과,근로개선지도1과,4.0,5.0,2.0,1494393,1492000,1492000,1.0,4.0,07,28798.0,,,4층,,1350,,20150130,,20180315.0,0,
1494872,고용노동부 대전지방고용노동청 청주지청 근로개선지도2과,근로개선지도2과,4.0,6.0,2.0,1494393,1492000,1492000,1.0,4.0,07,28798.0,,,4층,,1350,,20150130,,20180315.0,0,
1494873,고용노동부 대전지방고용노동청 천안지청 지역협력과,지역협력과,4.0,3.0,2.0,1494401,1492000,1492000,1.0,4.0,07,31107.0,,,,,1350,,20150130,,20180315.0,0,
1494874,고용노동부 대전지방고용노동청 천안지청 고용관리과,고용관리과,4.0,4.0,2.0,1494401,1492000,1492000,1.0,4.0,07,31107.0,,,,,1350,,20150130,,20180315.0,0,
1494875,고용노동부 대전지방고용노동청 충주지청 지역협력과,지역협력과,4.0,4.0,2.0,1494409,1492000,1492000,1.0,4.0,07,27428.0,,,,,1350,,20150130,,20170516.0,0,
1494876,고용노동부 대전지방고용노동청 보령지청 지역협력과,지역협력과,4.0,3.0,2.0,1494414,1492000,1492000,1.0,4.0,07,33482.0,,,,,1350,,20150130,,20170516.0,0,
1494880,고용노동부 서울지방고용노동청 서울남부지청 서울강서고용센터,서울강서고용센터,4.0,2.0,2.0,1493987,1492000,1492000,1.0,8.0,05,7262.0,,,,,02-2639-2300,02-6915-4070,20151111,,20171123.0,0,
1494881,고용노동부 중부지방고용노동청 인천북부지청 인천서부고용센터,인천서부고용센터,4.0,2.0,2.0,1494431,1492000,1492000,1.0,4.0,11,21068.0,,,,,032-540-7910,,20151111,,20171123.0,0,
1494882,고용노동부 중부지방고용노동청 고양지청 파주고용센터,파주고용센터,4.0,2.0,2.0,1494491,1492000,1492000,1.0,8.0,05,10497.0,,,,,031-920-3937,,20151111,,20171123.0,0,
1494883,고용노동부 중부지방고용노동청 평택지청 오산고용센터,오산고용센터,4.0,2.0,2.0,1494449,1492000,1492000,1.0,4.0,07,17739.0,,,,,031-646-1205,,20151111,,20180315.0,0,
1494884,고용노동부 대구지방고용노동청 대구동부고용센터,대구동부고용센터,3.0,3.0,1.0,1494137,1492000,1492000,1.0,4.0,11,42140.0,,,,,053-667-6200,,20151111,,20171123.0,0,
1494885,고용노동부 대구지방고용노동청 대구서부지청 대구달성고용센터,대구달성고용센터,4.0,2.0,2.0,1494684,1492000,1492000,1.0,8.0,05,42768.0,,,,,053-605-6500,,20151111,,20171123.0,0,
1494886,고용노동부 광주지방고용노동청 광주광산고용센터,광주광산고용센터,3.0,2.0,1.0,1494162,1492000,1492000,1.0,4.0,11,61011.0,,,,,062-975-6200,,20151111,,20171123.0,0,
1494887,고용노동부 광주지방고용노동청 익산지청 김제고용센터,김제고용센터,4.0,2.0,2.0,1494376,1492000,1492000,1.0,8.0,05,54552.0,,,,,063-839-0008,,20151111,,20171123.0,0,
1494888,고용노동부 대전지방고용노동청 충주지청 음성고용센터,음성고용센터,4.0,3.0,2.0,1494409,1492000,1492000,1.0,8.0,05,27428.0,,,,,043-850-4000,,20151111,,20171123.0,0,
1494890,고용노동부 고용노동부고객상담센터,고용노동부고객상담센터,2.0,33.0,1.0,1492000,1492000,1492000,1.0,7.0,07,,,,,,,,20160301,,20200527.0,0,1494508
1494894,고용노동부 광주지방고용노동청 제주근로개선지도센터,제주근로개선지도센터,3.0,9.0,1.0,1494162,1492000,1492000,1.0,4.0,07,,,,,,,,20160301,,20210624.0,0,1494358
1494895,고용노동부 서울지방고용노동청 노사상생지원과,노사상생지원과,3.0,6.0,1.0,1493944,1492000,1492000,1.0,4.0,07,4541.0,,,,,02-2250-5753,02-2254-4734,20160701,,20170512.0,0,
1494896,고용노동부 중부지방고용노동청 노사상생지원과,노사상생지원과,3.0,5.0,1.0,1494419,1492000,1492000,1.0,4.0,07,21559.0,,,,,032-460-4545,,20160701,,20170512.0,0,
1494897,고용노동부 부산지방고용노동청 노사상생지원과,노사상생지원과,3.0,6.0,1.0,1494123,1492000,1492000,1.0,4.0,07,,,,,,,,20160701,,20221212.0,0,
1494898,고용노동부 대구지방고용노동청 노사상생지원과,노사상생지원과,3.0,8.0,1.0,1494137,1492000,1492000,1.0,4.0,07,42140.0,,,,,053-667-6200,,20160701,,20170515.0,0,
1494899,고용노동부 광주지방고용노동청 노사상생지원과,노사상생지원과,3.0,6.0,1.0,1494162,1492000,1492000,1.0,4.0,07,61011.0,,,,,062-975-6200,,20160701,,20170516.0,0,
1494900,고용노동부 대전지방고용노동청 노사상생지원과,노사상생지원과,3.0,8.0,1.0,1494163,1492000,1492000,1.0,4.0,07,35238.0,,,,,042-480-6290,,20160701,,20170516.0,0,
1494901,고용노동부 중부지방고용노동청 경기지청 노사상생지원과,노사상생지원과,4.0,6.0,2.0,1494648,1492000,1492000,1.0,4.0,07,16324.0,,,,,031-259-0204,,20160701,,20170515.0,0,
1494902,고용노동부 부산지방고용노동청 울산지청 노사상생지원과,노사상생지원과,4.0,4.0,2.0,1494254,1492000,1492000,1.0,4.0,07,44664.0,,,,,052-272-0009,,20160701,,20170515.0,0,
1494903,고용노동부 광주지방고용노동청 전주지청 남원고용센터,남원고용센터,4.0,3.0,2.0,1494366,1492000,1492000,1.0,8.0,05,55770.0,,,한화생명빌딩 1층,,,,20161115,,20180330.0,0,
1494904,고용노동부 대전지방고용노동청 세종고용센터,세종고용센터,3.0,3.0,2.0,1494163,1492000,1492000,1.0,8.0,05,35262.0,,,,,,,20161115,,20180330.0,0,
1494905,고용노동부 대전지방고용노동청 논산고용센터,논산고용센터,3.0,4.0,2.0,1494163,1492000,1492000,1.0,8.0,05,35262.0,,,,,,,20161115,,20180330.0,0,
1494909,고용노동부 고용노동부고객상담센터 기획지원과,기획지원과,3.0,1.0,1.0,1494890,1492000,1492000,1.0,4.0,07,44543.0,,,,,052-702-5017,031-344-1363,20170221,,20171220.0,0,1494891
1494910,고용노동부 고용노동부고객상담센터 전화상담과,전화상담과,3.0,2.0,1.0,1494890,1492000,1492000,1.0,4.0,07,44543.0,,,,,1350,031-344-1362,20170221,,20171220.0,0,1494892
1494911,고용노동부 고용노동부고객상담센터 인터넷상담과,인터넷상담과,3.0,3.0,1.0,1494890,1492000,1492000,1.0,4.0,07,44543.0,,,,,1350,,20170221,,20171220.0,0,1494893
1494912,고용노동부 울산지방노동위원회,울산지방노동위원회,2.0,28.0,1.0,1492000,1492000,1492000,1.0,6.0,01,30117.0,,,,,,,20170228,,20171220.0,0,
1494913,고용노동부 울산지방노동위원회 사무국,사무국,3.0,1.0,1.0,1494912,1492000,1492000,1.0,10.0,01,30117.0,,,,,,,20170228,,20171220.0,0,
1494914,고용노동부 기획조정실 정책기획관 혁신행정담당관,혁신행정담당관,4.0,2.0,0.0,1493639,1492000,1492000,1.0,5.0,02,30117.0,,,,,02-2110-7038,02-503-7432,20170803,,20171219.0,0,1494721
1494918,고용노동부 부산지방고용노동청 부산사하고용센터,부산사하고용센터,3.0,2.0,2.0,1494123,1492000,1492000,1.0,8.0,05,47605.0,,,,,,,20180330,,20180604.0,0,
1494919,고용노동부 중부지방고용노동청 의정부지청 양주고용센터,양주고용센터,4.0,5.0,2.0,1494482,1492000,1492000,1.0,8.0,05,11787.0,,,,,,,20180330,,20180329.0,0,
1494920,고용노동부 중부지방고용노동청 성남지청 하남고용센터,하남고용센터,4.0,4.0,2.0,1494499,1492000,1492000,1.0,8.0,05,13627.0,,,,,,,20180330,,20180329.0,0,
1494921,고용노동부 중부지방고용노동청 안양지청 의왕고용센터,의왕고용센터,4.0,3.0,2.0,1494464,1492000,1492000,1.0,8.0,05,14087.0,,,,,,,20180330,,20180329.0,0,
1494922,고용노동부 중부지방고용노동청 평택지청 안성고용센터,안성고용센터,4.0,3.0,2.0,1494449,1492000,1492000,1.0,8.0,05,17739.0,,,,,,,20180330,,20180329.0,0,
1494923,고용노동부 부산지방고용노동청 양산지청 밀양고용센터,밀양고용센터,4.0,3.0,2.0,1494262,1492000,1492000,1.0,8.0,05,50635.0,,,,,,,20180330,,20180329.0,0,
1494924,고용노동부 부산지방고용노동청 진주지청 하동고용센터,하동고용센터,4.0,2.0,2.0,1494269,1492000,1492000,1.0,8.0,05,52629.0,,,,,,,20180330,,20180329.0,0,
1494925,고용노동부 부산지방고용노동청 진주지청 거창고용센터,거창고용센터,4.0,3.0,2.0,1494269,1492000,1492000,1.0,8.0,05,52629.0,,,,,,,20180330,,20180329.0,0,
1494926,고용노동부 광주지방고용노동청 군산지청 부안고용센터,부안고용센터,4.0,2.0,2.0,1494380,1492000,1492000,1.0,8.0,05,54076.0,,,,,,,20180330,,20180329.0,0,
1494927,고용노동부 광주지방고용노동청 여수지청 광양고용센터,광양고용센터,4.0,3.0,2.0,1494388,1492000,1492000,1.0,8.0,05,59691.0,,,,,,,20180330,,20180329.0,0,
1494928,고용노동부 대전지방고용노동청 청주지청 옥천고용센터,옥천고용센터,4.0,2.0,2.0,1494393,1492000,1492000,1.0,8.0,05,28575.0,,,,,,,20180330,,20180329.0,0,
1494929,고용노동부 대전지방고용노동청 천안지청 아산고용센터,아산고용센터,4.0,2.0,2.0,1494401,1492000,1492000,1.0,8.0,05,31107.0,,,,,,,20180330,,20180329.0,0,
1494930,고용노동부 대변인 디지털소통팀,디지털소통팀,3.0,2.0,0.0,1493687,1492000,1492000,1.0,5.0,30,,,,,,,,20230727,,20231128.0,0,
1494931,고용노동부 통합고용정책국,통합고용정책국,2.0,9.0,0.0,1492000,1492000,1492000,1.0,4.0,15,,,,,,,,20190416,,20221212.0,0,
1494932,고용노동부 통합고용정책국 고령사회인력정책과,고령사회인력정책과,3.0,1.0,0.0,1494931,1492000,1492000,1.0,5.0,30,,,,,,,,20190416,,20190416.0,0,
1494933,고용노동부 통합고용정책국 장애인고용과,장애인고용과,3.0,2.0,0.0,1494931,1492000,1492000,1.0,5.0,30,,,,,,,,20190416,,20190416.0,0,
1494934,고용노동부 통합고용정책국 여성고용정책과,여성고용정책과,3.0,3.0,0.0,1494931,1492000,1492000,1.0,4.0,07,,,,,,,,20190416,,20190702.0,0,
1494936,고용노동부 통합고용정책국 사회적기업과,사회적기업과,3.0,4.0,0.0,1494931,1492000,1492000,1.0,5.0,30,,,,,,,,20190416,,20190416.0,0,
1494937,고용노동부 고용정책실 고용지원정책관,고용지원정책관,3.0,5.0,0.0,1493634,1492000,1492000,1.0,4.0,15,,,,,,,,20190416,,20190416.0,0,
1494938,고용노동부 통합고용정책국 청년고용정책관,청년고용정책관,3.0,6.0,0.0,1494931,1492000,1492000,1.0,5.0,28,,,,,,,,20190416,,20240409.0,0,
1494939,고용노동부 대전지방고용노동청 서산출장소,서산출장소,3.0,19.0,2.0,1494163,1492000,1492000,1.0,8.0,05,,,,,,,,20190416,,20210624.0,0,
1494941,고용노동부 고용정책실 고용지원정책관 고용서비스기반과,고용서비스기반과,4.0,1.0,0.0,1494937,1492000,1492000,1.0,5.0,30,,,,,,,,20190416,,20190416.0,0,
1494942,고용노동부 통합고용정책국 청년고용정책관 청년고용기획과,청년고용기획과,4.0,1.0,0.0,1494938,1492000,1492000,1.0,5.0,30,,,,,,,,20190416,,20190416.0,0,
1494943,고용노동부 대전지방고용노동청 서산출장소 서산고용센터,서산고용센터,4.0,1.0,2.0,1494939,1492000,1492000,1.0,8.0,05,,,,,,,,20190416,,20190416.0,0,
1494944,고용노동부 통합고용정책국 청년고용정책관 청년취업지원과,청년취업지원과,4.0,2.0,0.0,1494938,1492000,1492000,1.0,5.0,30,,,,,,,,20190416,,20190416.0,0,
1494946,고용노동부 고용정책실 고용지원정책관 고용문화개선정책과,고용문화개선정책과,4.0,2.0,0.0,1494937,1492000,1492000,1.0,5.0,30,,,,,,,,20190416,,20190416.0,0,
1494947,고용노동부 대전지방고용노동청 서산출장소 지역협력팀,지역협력팀,4.0,2.0,2.0,1494939,1492000,1492000,1.0,8.0,05,,,,,,,,20190416,,20190416.0,0,
1494948,고용노동부 고용정책실 고용지원정책관 미래고용분석과,미래고용분석과,4.0,3.0,0.0,1494937,1492000,1492000,1.0,5.0,30,,,,,,,,20190416,,20190416.0,0,
1494949,고용노동부 통합고용정책국 청년고용정책관 공정채용기반과,공정채용기반과,4.0,3.0,0.0,1494938,1492000,1492000,1.0,4.0,07,,,,,,,,20190416,,20190702.0,0,
1494950,고용노동부 대전지방고용노동청 서산출장소 근로개선지도팀,근로개선지도팀,4.0,3.0,2.0,1494939,1492000,1492000,1.0,8.0,05,,,,,,,,20190416,,20190416.0,0,
1494951,고용노동부 고용정책실 고용지원정책관 노동시장조사과,노동시장조사과,4.0,4.0,0.0,1494937,1492000,1492000,1.0,5.0,30,,,,,,,,20190416,,20190416.0,0,
